2025-01-01 22:07:39,737 [DEBUG] Using selector: EpollSelector
2025-01-01 22:07:39,738 [INFO] logging in using static token
2025-01-01 22:07:40,820 [INFO] Shard ID 0 has connected to Gateway (Session ID: b6039432d365f36c6db855f5befff338).
2025-01-01 22:07:42,988 [INFO] -------------
2025-01-01 22:07:42,989 [INFO] |VCT Poll Bot|
2025-01-01 22:07:42,989 [INFO] -------------
2025-01-01 22:07:55,010 [INFO] Message from axon319: +poll CHINA KICKOFF 1
2025-01-01 22:07:55,014 [INFO] Team 1: XLG Esports, Team 2: Wolves Esports, Points: 1
2025-01-01 22:07:55,014 [INFO] Team 1: TYLOO, Team 2: Titan Esports Club, Points: 1
2025-01-01 22:07:55,014 [INFO] Team 1: JD Gaming, Team 2: Dragon Ranger Gaming, Points: 1
2025-01-01 22:07:55,015 [INFO] Team 1: All Gamers, Team 2: Nova Esports, Points: 1
2025-01-01 22:08:01,182 [INFO] Message from axon319: +poll AMERICAS KICKOFF 1
2025-01-01 22:08:01,183 [INFO] Team 1: LOUD, Team 2: Evil Geniuses, Points: 1
2025-01-01 22:08:01,183 [INFO] Team 1: MIBR, Team 2: 100 Thieves, Points: 1
2025-01-01 22:08:01,183 [INFO] Team 1: NRG, Team 2: Cloud9, Points: 1
2025-01-01 22:08:01,183 [INFO] Team 1: 2G Esports, Team 2: FURIA Esports, Points: 1
2025-01-01 22:08:09,291 [INFO] Message from axon319: +poll EMEA KICKOFF 1
2025-01-01 22:08:09,292 [INFO] Team 1: GIANTX, Team 2: BBL Esports, Points: 1
2025-01-01 22:08:09,292 [INFO] Team 1: Team Liquid, Team 2: KOI, Points: 1
2025-01-01 22:08:09,292 [INFO] Team 1: Karmine Corp, Team 2: Natus Vincere, Points: 1
2025-01-01 22:08:09,292 [INFO] Team 1: APEKS, Team 2: Gentle Mates, Points: 1
2025-01-01 22:08:14,270 [ERROR] Ignoring exception in on_message
Traceback (most recent call last):
  File "/usr/local/lib/python3.10/dist-packages/discord/client.py", line 441, in _run_event
    await coro(*args, **kwargs)
  File "/home/ubuntu/VCT BOT/vctBotBackend.py", line 299, in on_message
    await pollMessage.add_reaction(emoteB)
  File "/usr/local/lib/python3.10/dist-packages/discord/message.py", line 1116, in add_reaction
    await self._state.http.add_reaction(self.channel.id, self.id, emoji)
  File "/usr/local/lib/python3.10/dist-packages/discord/http.py", line 745, in request
    raise HTTPException(response, data)
discord.errors.HTTPException: 400 Bad Request (error code: 10014): Unknown Emoji
2025-01-01 22:08:19,796 [INFO] Message from axon319: +poll PACIFIC KICKOFF 1
2025-01-01 22:08:19,798 [INFO] Team 1: T1, Team 2: BOOM Esports, Points: 1
2025-01-01 22:08:19,798 [INFO] Team 1: Global Esports, Team 2: Team Secret, Points: 1
2025-01-01 22:08:19,798 [INFO] Team 1: DetonatioN FocusMe, Team 2: Rex Regum Qeon, Points: 1
2025-01-01 22:08:19,798 [INFO] Team 1: ZETA DIVISION, Team 2: Nongshim RedForce, Points: 1
2025-01-01 22:08:24,668 [ERROR] Ignoring exception in on_message
Traceback (most recent call last):
  File "/usr/local/lib/python3.10/dist-packages/discord/client.py", line 441, in _run_event
    await coro(*args, **kwargs)
  File "/home/ubuntu/VCT BOT/vctBotBackend.py", line 299, in on_message
    await pollMessage.add_reaction(emoteB)
  File "/usr/local/lib/python3.10/dist-packages/discord/message.py", line 1116, in add_reaction
    await self._state.http.add_reaction(self.channel.id, self.id, emoji)
  File "/usr/local/lib/python3.10/dist-packages/discord/http.py", line 745, in request
    raise HTTPException(response, data)
discord.errors.HTTPException: 400 Bad Request (error code: 10014): Unknown Emoji
2025-01-01 22:08:46,146 [INFO] Message from axon319: +poll PACIFIC KICKOFF 1
2025-01-01 22:08:46,148 [INFO] Team 1: T1, Team 2: BOOM Esports, Points: 1
2025-01-01 22:08:46,148 [INFO] Team 1: Global Esports, Team 2: Team Secret, Points: 1
2025-01-01 22:08:46,148 [INFO] Team 1: DetonatioN FocusMe, Team 2: Rex Regum Qeon, Points: 1
2025-01-01 22:08:46,148 [INFO] Team 1: ZETA DIVISION, Team 2: Nongshim RedForce, Points: 1
2025-01-01 22:08:51,754 [ERROR] Ignoring exception in on_message
Traceback (most recent call last):
  File "/usr/local/lib/python3.10/dist-packages/discord/client.py", line 441, in _run_event
    await coro(*args, **kwargs)
  File "/home/ubuntu/VCT BOT/vctBotBackend.py", line 299, in on_message
    await pollMessage.add_reaction(emoteB)
  File "/usr/local/lib/python3.10/dist-packages/discord/message.py", line 1116, in add_reaction
    await self._state.http.add_reaction(self.channel.id, self.id, emoji)
  File "/usr/local/lib/python3.10/dist-packages/discord/http.py", line 745, in request
    raise HTTPException(response, data)
discord.errors.HTTPException: 400 Bad Request (error code: 10014): Unknown Emoji
2025-01-01 22:10:08,089 [INFO] Message from axon319: +poll EMEA KICKOFF 1
2025-01-01 22:10:08,091 [INFO] Team 1: GIANTX, Team 2: BBL Esports, Points: 1
2025-01-01 22:10:08,092 [INFO] Team 1: Team Liquid, Team 2: KOI, Points: 1
2025-01-01 22:10:08,092 [INFO] Team 1: Karmine Corp, Team 2: Natus Vincere, Points: 1
2025-01-01 22:10:08,092 [INFO] Team 1: APEKS, Team 2: Gentle Mates, Points: 1
2025-01-01 22:10:13,250 [ERROR] Ignoring exception in on_message
Traceback (most recent call last):
  File "/usr/local/lib/python3.10/dist-packages/discord/client.py", line 441, in _run_event
    await coro(*args, **kwargs)
  File "/home/ubuntu/VCT BOT/vctBotBackend.py", line 299, in on_message
    await pollMessage.add_reaction(emoteB)
  File "/usr/local/lib/python3.10/dist-packages/discord/message.py", line 1116, in add_reaction
    await self._state.http.add_reaction(self.channel.id, self.id, emoji)
  File "/usr/local/lib/python3.10/dist-packages/discord/http.py", line 745, in request
    raise HTTPException(response, data)
discord.errors.HTTPException: 400 Bad Request (error code: 10014): Unknown Emoji
2025-01-01 22:10:20,574 [ERROR] Unclosed client session
client_session: <aiohttp.client.ClientSession object at 0x7f34037180a0>
2025-01-01 22:10:24,429 [DEBUG] Using selector: EpollSelector
2025-01-01 22:10:24,430 [INFO] logging in using static token
2025-01-01 22:10:25,485 [INFO] Shard ID 0 has connected to Gateway (Session ID: 75217a646d1ed24077e6e2180a18b3c9).
2025-01-01 22:10:27,630 [INFO] -------------
2025-01-01 22:10:27,631 [INFO] |VCT Poll Bot|
2025-01-01 22:10:27,631 [INFO] -------------
2025-01-01 22:10:28,228 [INFO] Message from axon319: +poll EMEA KICKOFF 1
2025-01-01 22:10:28,231 [INFO] Team 1: GIANTX, Team 2: BBL Esports, Points: 1
2025-01-01 22:10:28,231 [INFO] Team 1: Team Liquid, Team 2: KOI, Points: 1
2025-01-01 22:10:28,231 [INFO] Team 1: Karmine Corp, Team 2: Natus Vincere, Points: 1
2025-01-01 22:10:28,231 [INFO] Team 1: APEKS, Team 2: Gentle Mates, Points: 1
2025-01-01 22:10:47,816 [INFO] Message from axon319: +poll PACIFIC KICKOFF 1
2025-01-01 22:10:47,817 [INFO] Team 1: T1, Team 2: BOOM Esports, Points: 1
2025-01-01 22:10:47,817 [INFO] Team 1: Global Esports, Team 2: Team Secret, Points: 1
2025-01-01 22:10:47,817 [INFO] Team 1: DetonatioN FocusMe, Team 2: Rex Regum Qeon, Points: 1
2025-01-01 22:10:47,817 [INFO] Team 1: ZETA DIVISION, Team 2: Nongshim RedForce, Points: 1
2025-01-01 22:11:11,753 [ERROR] Unclosed client session
client_session: <aiohttp.client.ClientSession object at 0x7fd8424dc040>
2025-01-01 22:11:55,480 [DEBUG] Using selector: EpollSelector
2025-01-01 22:11:55,481 [INFO] logging in using static token
2025-01-01 22:11:56,557 [INFO] Shard ID 0 has connected to Gateway (Session ID: 3457b2e81ef06bf29c254cd974824eb9).
2025-01-01 22:11:58,696 [INFO] -------------
2025-01-01 22:11:58,697 [INFO] |VCT Poll Bot|
2025-01-01 22:11:58,697 [INFO] -------------
2025-01-02 02:09:45,171 [INFO] Shard ID 0 has successfully RESUMED session 3457b2e81ef06bf29c254cd974824eb9.
2025-01-02 03:45:38,998 [INFO] Shard ID 0 has successfully RESUMED session 3457b2e81ef06bf29c254cd974824eb9.
2025-01-02 04:37:04,260 [INFO] Shard ID 0 has successfully RESUMED session 3457b2e81ef06bf29c254cd974824eb9.
2025-01-02 07:19:22,792 [INFO] Shard ID 0 has successfully RESUMED session 3457b2e81ef06bf29c254cd974824eb9.
2025-01-02 08:07:06,226 [INFO] Shard ID 0 has successfully RESUMED session 3457b2e81ef06bf29c254cd974824eb9.
2025-01-02 12:02:59,246 [INFO] Shard ID 0 has successfully RESUMED session 3457b2e81ef06bf29c254cd974824eb9.
2025-01-02 14:17:11,455 [INFO] Shard ID 0 has successfully RESUMED session 3457b2e81ef06bf29c254cd974824eb9.
2025-01-02 15:42:11,310 [INFO] Shard ID 0 has successfully RESUMED session 3457b2e81ef06bf29c254cd974824eb9.
2025-01-02 16:25:19,427 [INFO] Shard ID 0 has successfully RESUMED session 3457b2e81ef06bf29c254cd974824eb9.
2025-01-02 17:21:43,730 [INFO] Shard ID 0 has successfully RESUMED session 3457b2e81ef06bf29c254cd974824eb9.
2025-01-02 21:11:46,704 [INFO] Shard ID 0 has successfully RESUMED session 3457b2e81ef06bf29c254cd974824eb9.
2025-01-03 01:11:30,193 [INFO] Shard ID 0 has successfully RESUMED session 3457b2e81ef06bf29c254cd974824eb9.
2025-01-03 02:36:36,090 [INFO] Shard ID 0 has successfully RESUMED session 3457b2e81ef06bf29c254cd974824eb9.
2025-01-03 03:46:03,447 [INFO] Shard ID 0 has successfully RESUMED session 3457b2e81ef06bf29c254cd974824eb9.
2025-01-03 05:50:19,344 [INFO] Shard ID 0 has successfully RESUMED session 3457b2e81ef06bf29c254cd974824eb9.
2025-01-03 06:47:19,137 [INFO] Shard ID 0 has successfully RESUMED session 3457b2e81ef06bf29c254cd974824eb9.
2025-01-03 08:11:05,780 [INFO] Shard ID 0 has successfully RESUMED session 3457b2e81ef06bf29c254cd974824eb9.
2025-01-03 08:35:17,889 [INFO] Shard ID 0 has successfully RESUMED session 3457b2e81ef06bf29c254cd974824eb9.
2025-01-03 10:08:52,919 [INFO] Shard ID 0 has successfully RESUMED session 3457b2e81ef06bf29c254cd974824eb9.
2025-01-03 10:45:18,762 [INFO] Shard ID 0 has successfully RESUMED session 3457b2e81ef06bf29c254cd974824eb9.
2025-01-03 12:48:07,696 [INFO] Shard ID 0 has successfully RESUMED session 3457b2e81ef06bf29c254cd974824eb9.
2025-01-03 15:31:41,357 [INFO] Shard ID 0 has successfully RESUMED session 3457b2e81ef06bf29c254cd974824eb9.
2025-01-03 17:26:04,743 [INFO] Shard ID 0 has successfully RESUMED session 3457b2e81ef06bf29c254cd974824eb9.
2025-01-03 19:25:32,947 [INFO] Shard ID 0 has successfully RESUMED session 3457b2e81ef06bf29c254cd974824eb9.
2025-01-03 20:04:19,887 [INFO] Shard ID 0 has successfully RESUMED session 3457b2e81ef06bf29c254cd974824eb9.
2025-01-03 22:06:12,073 [INFO] Shard ID 0 has successfully RESUMED session 3457b2e81ef06bf29c254cd974824eb9.
2025-01-04 00:31:44,695 [INFO] Shard ID 0 has successfully RESUMED session 3457b2e81ef06bf29c254cd974824eb9.
2025-01-04 02:17:58,608 [INFO] Shard ID 0 has successfully RESUMED session 3457b2e81ef06bf29c254cd974824eb9.
2025-01-04 04:51:33,925 [INFO] Shard ID 0 has successfully RESUMED session 3457b2e81ef06bf29c254cd974824eb9.
2025-01-04 06:59:52,176 [INFO] Shard ID 0 has successfully RESUMED session 3457b2e81ef06bf29c254cd974824eb9.
2025-01-04 08:08:35,770 [INFO] Shard ID 0 has successfully RESUMED session 3457b2e81ef06bf29c254cd974824eb9.
2025-01-04 09:53:34,081 [INFO] Shard ID 0 has successfully RESUMED session 3457b2e81ef06bf29c254cd974824eb9.
2025-01-04 12:27:18,375 [INFO] Shard ID 0 has successfully RESUMED session 3457b2e81ef06bf29c254cd974824eb9.
2025-01-04 12:47:04,590 [INFO] Shard ID 0 has successfully RESUMED session 3457b2e81ef06bf29c254cd974824eb9.
2025-01-04 14:49:57,482 [INFO] Shard ID 0 has successfully RESUMED session 3457b2e81ef06bf29c254cd974824eb9.
2025-01-04 17:10:21,401 [INFO] Shard ID 0 has successfully RESUMED session 3457b2e81ef06bf29c254cd974824eb9.
2025-01-04 20:13:02,433 [INFO] Shard ID 0 has successfully RESUMED session 3457b2e81ef06bf29c254cd974824eb9.
2025-01-04 20:40:29,947 [INFO] Shard ID 0 has successfully RESUMED session 3457b2e81ef06bf29c254cd974824eb9.
2025-01-04 22:46:03,481 [INFO] Shard ID 0 has successfully RESUMED session 3457b2e81ef06bf29c254cd974824eb9.
2025-01-05 00:10:19,495 [INFO] Shard ID 0 has successfully RESUMED session 3457b2e81ef06bf29c254cd974824eb9.
2025-01-05 01:03:10,728 [INFO] Shard ID 0 has successfully RESUMED session 3457b2e81ef06bf29c254cd974824eb9.
2025-01-05 04:34:16,830 [INFO] Shard ID 0 has successfully RESUMED session 3457b2e81ef06bf29c254cd974824eb9.
2025-01-05 07:51:57,369 [INFO] Shard ID 0 has successfully RESUMED session 3457b2e81ef06bf29c254cd974824eb9.
2025-01-05 08:58:17,011 [INFO] Shard ID 0 has successfully RESUMED session 3457b2e81ef06bf29c254cd974824eb9.
2025-01-05 11:15:08,732 [INFO] Shard ID 0 has successfully RESUMED session 3457b2e81ef06bf29c254cd974824eb9.
2025-01-05 14:46:56,695 [INFO] Shard ID 0 has successfully RESUMED session 3457b2e81ef06bf29c254cd974824eb9.
2025-01-05 18:21:08,586 [INFO] Shard ID 0 has successfully RESUMED session 3457b2e81ef06bf29c254cd974824eb9.
2025-01-05 20:10:36,694 [INFO] Shard ID 0 has successfully RESUMED session 3457b2e81ef06bf29c254cd974824eb9.
2025-01-05 21:13:48,266 [INFO] Shard ID 0 has successfully RESUMED session 3457b2e81ef06bf29c254cd974824eb9.
2025-01-05 21:57:21,355 [INFO] Shard ID 0 has successfully RESUMED session 3457b2e81ef06bf29c254cd974824eb9.
2025-01-06 00:16:44,968 [INFO] Shard ID 0 has successfully RESUMED session 3457b2e81ef06bf29c254cd974824eb9.
2025-01-06 04:06:36,553 [INFO] Shard ID 0 has successfully RESUMED session 3457b2e81ef06bf29c254cd974824eb9.
2025-01-06 07:08:06,348 [INFO] Shard ID 0 has successfully RESUMED session 3457b2e81ef06bf29c254cd974824eb9.
2025-01-06 09:10:08,616 [INFO] Shard ID 0 has successfully RESUMED session 3457b2e81ef06bf29c254cd974824eb9.
2025-01-06 11:54:33,670 [INFO] Shard ID 0 has successfully RESUMED session 3457b2e81ef06bf29c254cd974824eb9.
2025-01-06 13:13:41,507 [INFO] Shard ID 0 has successfully RESUMED session 3457b2e81ef06bf29c254cd974824eb9.
2025-01-06 14:22:38,938 [INFO] Shard ID 0 has successfully RESUMED session 3457b2e81ef06bf29c254cd974824eb9.
2025-01-06 15:03:10,142 [INFO] Shard ID 0 has successfully RESUMED session 3457b2e81ef06bf29c254cd974824eb9.
2025-01-06 17:05:27,184 [INFO] Shard ID 0 has successfully RESUMED session 3457b2e81ef06bf29c254cd974824eb9.
2025-01-06 17:39:25,564 [INFO] Shard ID 0 has successfully RESUMED session 3457b2e81ef06bf29c254cd974824eb9.
2025-01-06 18:08:18,278 [INFO] Shard ID 0 has successfully RESUMED session 3457b2e81ef06bf29c254cd974824eb9.
2025-01-06 19:02:19,879 [INFO] Shard ID 0 has successfully RESUMED session 3457b2e81ef06bf29c254cd974824eb9.
2025-01-06 21:51:26,367 [INFO] Shard ID 0 has successfully RESUMED session 3457b2e81ef06bf29c254cd974824eb9.
2025-01-06 22:34:36,086 [INFO] Shard ID 0 has successfully RESUMED session 3457b2e81ef06bf29c254cd974824eb9.
2025-01-07 02:26:49,135 [INFO] Shard ID 0 has successfully RESUMED session 3457b2e81ef06bf29c254cd974824eb9.
2025-01-07 04:13:23,517 [INFO] Shard ID 0 has successfully RESUMED session 3457b2e81ef06bf29c254cd974824eb9.
2025-01-07 06:01:41,462 [INFO] Shard ID 0 has successfully RESUMED session 3457b2e81ef06bf29c254cd974824eb9.
2025-01-07 07:39:31,203 [INFO] Shard ID 0 has successfully RESUMED session 3457b2e81ef06bf29c254cd974824eb9.
2025-01-07 08:42:54,102 [INFO] Shard ID 0 has successfully RESUMED session 3457b2e81ef06bf29c254cd974824eb9.
2025-01-07 11:01:42,489 [INFO] Shard ID 0 has successfully RESUMED session 3457b2e81ef06bf29c254cd974824eb9.
2025-01-07 11:09:13,502 [INFO] Shard ID 0 has successfully RESUMED session 3457b2e81ef06bf29c254cd974824eb9.
2025-01-07 11:23:02,218 [INFO] Shard ID 0 has successfully RESUMED session 3457b2e81ef06bf29c254cd974824eb9.
2025-01-07 11:23:16,536 [INFO] Shard ID 0 has successfully RESUMED session 3457b2e81ef06bf29c254cd974824eb9.
2025-01-07 13:10:46,988 [INFO] Shard ID 0 has successfully RESUMED session 3457b2e81ef06bf29c254cd974824eb9.
2025-01-07 13:43:22,209 [INFO] Shard ID 0 has successfully RESUMED session 3457b2e81ef06bf29c254cd974824eb9.
2025-01-07 15:13:02,239 [INFO] Shard ID 0 has successfully RESUMED session 3457b2e81ef06bf29c254cd974824eb9.
2025-01-07 18:48:35,089 [INFO] Shard ID 0 has successfully RESUMED session 3457b2e81ef06bf29c254cd974824eb9.
2025-01-07 19:18:21,181 [INFO] Shard ID 0 has successfully RESUMED session 3457b2e81ef06bf29c254cd974824eb9.
2025-01-07 21:01:24,958 [INFO] Shard ID 0 has successfully RESUMED session 3457b2e81ef06bf29c254cd974824eb9.
2025-01-07 22:20:00,788 [INFO] Shard ID 0 has successfully RESUMED session 3457b2e81ef06bf29c254cd974824eb9.
2025-01-07 23:27:46,375 [INFO] Shard ID 0 has successfully RESUMED session 3457b2e81ef06bf29c254cd974824eb9.
2025-01-08 00:16:09,718 [INFO] Shard ID 0 has successfully RESUMED session 3457b2e81ef06bf29c254cd974824eb9.
2025-01-08 01:53:00,740 [INFO] Shard ID 0 has successfully RESUMED session 3457b2e81ef06bf29c254cd974824eb9.
2025-01-08 05:25:58,883 [INFO] Shard ID 0 has successfully RESUMED session 3457b2e81ef06bf29c254cd974824eb9.
2025-01-08 09:11:57,475 [INFO] Shard ID 0 has successfully RESUMED session 3457b2e81ef06bf29c254cd974824eb9.
2025-01-08 10:29:24,642 [INFO] Shard ID 0 has successfully RESUMED session 3457b2e81ef06bf29c254cd974824eb9.
2025-01-08 12:02:56,847 [INFO] Shard ID 0 has successfully RESUMED session 3457b2e81ef06bf29c254cd974824eb9.
2025-01-08 12:35:01,870 [INFO] Shard ID 0 has successfully RESUMED session 3457b2e81ef06bf29c254cd974824eb9.
2025-01-08 15:24:10,651 [INFO] Shard ID 0 has successfully RESUMED session 3457b2e81ef06bf29c254cd974824eb9.
2025-01-08 16:05:44,497 [INFO] Shard ID 0 has successfully RESUMED session 3457b2e81ef06bf29c254cd974824eb9.
2025-01-08 17:38:41,750 [INFO] Shard ID 0 has successfully RESUMED session 3457b2e81ef06bf29c254cd974824eb9.
2025-01-08 19:29:16,506 [INFO] Shard ID 0 has successfully RESUMED session 3457b2e81ef06bf29c254cd974824eb9.
2025-01-08 20:12:41,272 [INFO] Shard ID 0 has successfully RESUMED session 3457b2e81ef06bf29c254cd974824eb9.
2025-01-08 21:34:04,893 [INFO] Shard ID 0 has successfully RESUMED session 3457b2e81ef06bf29c254cd974824eb9.
2025-01-08 21:45:05,797 [INFO] Shard ID 0 has successfully RESUMED session 3457b2e81ef06bf29c254cd974824eb9.
2025-01-08 22:10:03,448 [INFO] Shard ID 0 has successfully RESUMED session 3457b2e81ef06bf29c254cd974824eb9.
2025-01-08 22:27:10,814 [INFO] Shard ID 0 has successfully RESUMED session 3457b2e81ef06bf29c254cd974824eb9.
2025-01-09 01:19:59,944 [INFO] Shard ID 0 has successfully RESUMED session 3457b2e81ef06bf29c254cd974824eb9.
2025-01-09 02:20:43,036 [INFO] Shard ID 0 has successfully RESUMED session 3457b2e81ef06bf29c254cd974824eb9.
2025-01-09 03:32:51,807 [INFO] Shard ID 0 has successfully RESUMED session 3457b2e81ef06bf29c254cd974824eb9.
2025-01-09 05:03:52,562 [INFO] Shard ID 0 has successfully RESUMED session 3457b2e81ef06bf29c254cd974824eb9.
2025-01-09 07:36:55,836 [INFO] Shard ID 0 has successfully RESUMED session 3457b2e81ef06bf29c254cd974824eb9.
2025-01-09 08:08:03,781 [INFO] Shard ID 0 has successfully RESUMED session 3457b2e81ef06bf29c254cd974824eb9.
2025-01-09 08:25:09,448 [INFO] Shard ID 0 has successfully RESUMED session 3457b2e81ef06bf29c254cd974824eb9.
2025-01-09 09:40:30,346 [INFO] Shard ID 0 has successfully RESUMED session 3457b2e81ef06bf29c254cd974824eb9.
2025-01-09 12:02:23,533 [INFO] Shard ID 0 has successfully RESUMED session 3457b2e81ef06bf29c254cd974824eb9.
2025-01-09 12:40:43,643 [INFO] Shard ID 0 has successfully RESUMED session 3457b2e81ef06bf29c254cd974824eb9.
2025-01-09 13:17:05,076 [INFO] Shard ID 0 has successfully RESUMED session 3457b2e81ef06bf29c254cd974824eb9.
2025-01-09 13:52:04,533 [INFO] Shard ID 0 has successfully RESUMED session 3457b2e81ef06bf29c254cd974824eb9.
2025-01-09 14:41:17,978 [INFO] Shard ID 0 has successfully RESUMED session 3457b2e81ef06bf29c254cd974824eb9.
2025-01-09 15:30:37,914 [INFO] Shard ID 0 has successfully RESUMED session 3457b2e81ef06bf29c254cd974824eb9.
2025-01-09 18:16:35,650 [INFO] Shard ID 0 has successfully RESUMED session 3457b2e81ef06bf29c254cd974824eb9.
2025-01-09 19:17:20,878 [INFO] Shard ID 0 has successfully RESUMED session 3457b2e81ef06bf29c254cd974824eb9.
2025-01-09 22:25:10,851 [INFO] Shard ID 0 has successfully RESUMED session 3457b2e81ef06bf29c254cd974824eb9.
2025-01-09 23:11:52,459 [INFO] Shard ID 0 has successfully RESUMED session 3457b2e81ef06bf29c254cd974824eb9.
2025-01-09 23:37:09,413 [INFO] Shard ID 0 has successfully RESUMED session 3457b2e81ef06bf29c254cd974824eb9.
2025-01-09 23:43:32,440 [INFO] Shard ID 0 has successfully RESUMED session 3457b2e81ef06bf29c254cd974824eb9.
2025-01-10 01:23:30,266 [INFO] Shard ID 0 has successfully RESUMED session 3457b2e81ef06bf29c254cd974824eb9.
2025-01-10 04:19:59,858 [INFO] Shard ID 0 has successfully RESUMED session 3457b2e81ef06bf29c254cd974824eb9.
2025-01-10 06:44:03,249 [INFO] Shard ID 0 has successfully RESUMED session 3457b2e81ef06bf29c254cd974824eb9.
2025-01-10 09:15:36,437 [INFO] Shard ID 0 has successfully RESUMED session 3457b2e81ef06bf29c254cd974824eb9.
2025-01-10 11:41:47,760 [INFO] Shard ID 0 has successfully RESUMED session 3457b2e81ef06bf29c254cd974824eb9.
2025-01-10 13:43:28,277 [INFO] Shard ID 0 has successfully RESUMED session 3457b2e81ef06bf29c254cd974824eb9.
2025-01-10 14:04:31,355 [INFO] Shard ID 0 has successfully RESUMED session 3457b2e81ef06bf29c254cd974824eb9.
2025-01-10 15:40:55,428 [INFO] Shard ID 0 has successfully RESUMED session 3457b2e81ef06bf29c254cd974824eb9.
2025-01-10 16:06:40,371 [INFO] Shard ID 0 has successfully RESUMED session 3457b2e81ef06bf29c254cd974824eb9.
2025-01-10 18:32:05,341 [INFO] Shard ID 0 has successfully RESUMED session 3457b2e81ef06bf29c254cd974824eb9.
2025-01-10 20:17:10,826 [INFO] Shard ID 0 has successfully RESUMED session 3457b2e81ef06bf29c254cd974824eb9.
2025-01-10 21:33:09,316 [INFO] Shard ID 0 has successfully RESUMED session 3457b2e81ef06bf29c254cd974824eb9.
2025-01-10 23:10:34,579 [INFO] Shard ID 0 has successfully RESUMED session 3457b2e81ef06bf29c254cd974824eb9.
2025-01-11 00:00:28,337 [INFO] Shard ID 0 has successfully RESUMED session 3457b2e81ef06bf29c254cd974824eb9.
2025-01-11 00:32:10,439 [INFO] Message from axon319: +help
2025-01-11 01:04:25,154 [INFO] Message from axon319: +poll AMERICAS KICKOFF 1
2025-01-11 01:04:25,165 [INFO] Team 1: LOUD, Team 2: Evil Geniuses, Points: 1
2025-01-11 01:04:25,165 [INFO] Team 1: MIBR, Team 2: 100 Thieves, Points: 1
2025-01-11 01:04:25,165 [INFO] Team 1: NRG, Team 2: Cloud9, Points: 1
2025-01-11 01:04:25,165 [INFO] Team 1: 2G Esports, Team 2: FURIA Esports, Points: 1
2025-01-11 01:05:43,141 [INFO] Message from axon319: +poll CHINA KICKOFF 1
2025-01-11 01:05:43,145 [INFO] Team 1: XLG Esports, Team 2: Wolves Esports, Points: 1
2025-01-11 01:05:43,148 [INFO] Team 1: TYLOO, Team 2: Titan Esports Club, Points: 1
2025-01-11 01:05:43,148 [INFO] Team 1: JD Gaming, Team 2: Dragon Ranger Gaming, Points: 1
2025-01-11 01:05:43,148 [INFO] Team 1: All Gamers, Team 2: Nova Esports, Points: 1
2025-01-11 01:05:58,486 [INFO] Message from axon319: +poll CHINA KICKOFF 1
2025-01-11 01:05:58,488 [INFO] Team 1: XLG Esports, Team 2: Wolves Esports, Points: 1
2025-01-11 01:05:58,489 [INFO] Team 1: TYLOO, Team 2: Titan Esports Club, Points: 1
2025-01-11 01:05:58,489 [INFO] Team 1: JD Gaming, Team 2: Dragon Ranger Gaming, Points: 1
2025-01-11 01:05:58,489 [INFO] Team 1: All Gamers, Team 2: Nova Esports, Points: 1
2025-01-11 01:07:11,904 [INFO] Message from axon319: +poll CHINA KICKOFF 1
2025-01-11 01:07:11,906 [INFO] Team 1: XLG Esports, Team 2: Wolves Esports, Points: 1
2025-01-11 01:07:11,907 [INFO] Team 1: TYLOO, Team 2: Titan Esports Club, Points: 1
2025-01-11 01:07:11,907 [INFO] Team 1: JD Gaming, Team 2: Dragon Ranger Gaming, Points: 1
2025-01-11 01:07:11,907 [INFO] Team 1: All Gamers, Team 2: Nova Esports, Points: 1
2025-01-11 02:43:07,182 [INFO] Shard ID 0 has successfully RESUMED session 3457b2e81ef06bf29c254cd974824eb9.
2025-01-11 06:05:02,332 [INFO] Shard ID 0 has successfully RESUMED session 3457b2e81ef06bf29c254cd974824eb9.
2025-01-11 06:23:52,880 [INFO] Shard ID 0 has successfully RESUMED session 3457b2e81ef06bf29c254cd974824eb9.
2025-01-11 06:59:15,973 [INFO] Shard ID 0 has successfully RESUMED session 3457b2e81ef06bf29c254cd974824eb9.
2025-01-11 10:24:41,487 [INFO] Shard ID 0 has successfully RESUMED session 3457b2e81ef06bf29c254cd974824eb9.
2025-01-11 13:37:24,228 [INFO] Shard ID 0 has successfully RESUMED session 3457b2e81ef06bf29c254cd974824eb9.
2025-01-11 15:33:20,421 [INFO] Shard ID 0 has successfully RESUMED session 3457b2e81ef06bf29c254cd974824eb9.
2025-01-11 17:52:03,212 [INFO] Shard ID 0 has successfully RESUMED session 3457b2e81ef06bf29c254cd974824eb9.
2025-01-11 17:59:37,248 [INFO] Message from axon319: +record CHINA KICKOFF 1
2025-01-11 17:59:43,671 [INFO] File and list created: {'Command': 'record', 'League': 'CHINA', 'Type': 'KICKOFF', 'Day': 1}
2025-01-11 17:59:43,671 [INFO] Game 1
2025-01-11 17:59:44,079 [INFO] <:XLG:1324128513179123713> has count: 1
2025-01-11 17:59:48,015 [INFO] <:WOL:1191923125777092608> has count: 24
2025-01-11 17:59:48,156 [INFO] Game is now closed
2025-01-11 17:59:48,156 [INFO] Game 2
2025-01-11 17:59:48,640 [INFO] <:TYLOO:1191929004966543360> has count: 0
2025-01-11 17:59:48,871 [INFO] <:TITAN:1191928241645170770> has count: 25
2025-01-11 17:59:48,902 [INFO] Game is now closed
2025-01-11 17:59:48,902 [INFO] Game 3
2025-01-11 17:59:49,386 [INFO] <:JDG:1191928237408919564> has count: 6
2025-01-11 17:59:49,579 [INFO] <:DRG:1191928235966074890> has count: 19
2025-01-11 17:59:49,613 [INFO] Game is now closed
2025-01-11 17:59:49,613 [INFO] Game 4
2025-01-11 17:59:53,526 [INFO] <:ALLGAMERS:1191928232799387679> has count: 2
2025-01-11 17:59:53,730 [INFO] <:NOVA:1191928240500121620> has count: 23
2025-01-11 17:59:53,762 [INFO] Game is now closed
2025-01-11 18:25:04,759 [INFO] Message from korusumi: +rank
2025-01-11 18:36:35,746 [INFO] Message from kayfourfour: +rank
2025-01-11 21:45:06,468 [INFO] Shard ID 0 has successfully RESUMED session 3457b2e81ef06bf29c254cd974824eb9.
2025-01-11 22:47:40,385 [INFO] Message from axon319: +rank KICKOFF
2025-01-11 22:47:40,392 [ERROR] Ignoring exception in on_message
Traceback (most recent call last):
  File "/usr/local/lib/python3.10/dist-packages/discord/client.py", line 441, in _run_event
    await coro(*args, **kwargs)
  File "/home/ubuntu/VCT BOT/vctBotBackend.py", line 736, in on_message
    df = get_type_sum(conn, outputDict["type"], userName, userId)
  File "/home/ubuntu/VCT BOT/vctBotHelpers.py", line 195, in get_type_sum
    cursor.execute(query)
sqlite3.OperationalError: no such table: DS_VCT_2024
2025-01-11 22:47:44,091 [INFO] Message from axon319: +rank
2025-01-11 22:48:15,508 [INFO] Message from f1ash1: +rank all
2025-01-11 22:48:15,515 [ERROR] Ignoring exception in on_message
Traceback (most recent call last):
  File "/usr/local/lib/python3.10/dist-packages/discord/client.py", line 441, in _run_event
    await coro(*args, **kwargs)
  File "/home/ubuntu/VCT BOT/vctBotBackend.py", line 771, in on_message
    df = get_all_sum(conn, userName, userId)
  File "/home/ubuntu/VCT BOT/vctBotHelpers.py", line 231, in get_all_sum
    cursor.execute(query)
sqlite3.OperationalError: no such table: DS_VCT_2024
2025-01-11 22:48:56,126 [DEBUG] Using selector: EpollSelector
2025-01-11 22:48:56,127 [INFO] logging in using static token
2025-01-11 22:48:57,308 [INFO] Shard ID 0 has connected to Gateway (Session ID: deddeccb0ec77c89b41497be6db3cd3e).
2025-01-11 22:48:58,414 [INFO] Message from axon319: +rank all
2025-01-11 22:48:59,462 [INFO] -------------
2025-01-11 22:48:59,462 [INFO] |VCT Poll Bot|
2025-01-11 22:48:59,463 [INFO] -------------
2025-01-11 22:49:10,463 [INFO] Message from f1ash1: +rank
2025-01-11 22:49:26,991 [INFO] Message from f1ash1: +rank all
2025-01-11 22:49:27,159 [INFO] Message from axon319: +rank
2025-01-11 22:49:36,653 [INFO] Message from f1ash1: +rank
2025-01-11 22:49:55,158 [INFO] Message from axon319: +leaderboard KICKOFF CHINA
2025-01-12 00:46:05,123 [INFO] Shard ID 0 has successfully RESUMED session deddeccb0ec77c89b41497be6db3cd3e.
2025-01-12 01:42:20,364 [INFO] Shard ID 0 has successfully RESUMED session deddeccb0ec77c89b41497be6db3cd3e.
2025-01-12 03:15:36,965 [INFO] Shard ID 0 has successfully RESUMED session deddeccb0ec77c89b41497be6db3cd3e.
2025-01-12 04:38:22,738 [INFO] Shard ID 0 has successfully RESUMED session deddeccb0ec77c89b41497be6db3cd3e.
2025-01-12 06:20:34,556 [INFO] Shard ID 0 has successfully RESUMED session deddeccb0ec77c89b41497be6db3cd3e.
2025-01-12 06:50:49,364 [INFO] Shard ID 0 has successfully RESUMED session deddeccb0ec77c89b41497be6db3cd3e.
2025-01-12 07:16:00,450 [INFO] Shard ID 0 has successfully RESUMED session deddeccb0ec77c89b41497be6db3cd3e.
2025-01-12 08:50:36,142 [INFO] Shard ID 0 has successfully RESUMED session deddeccb0ec77c89b41497be6db3cd3e.
2025-01-12 09:25:19,815 [INFO] Shard ID 0 has successfully RESUMED session deddeccb0ec77c89b41497be6db3cd3e.
2025-01-12 11:41:29,529 [INFO] Shard ID 0 has successfully RESUMED session deddeccb0ec77c89b41497be6db3cd3e.
2025-01-12 15:35:31,712 [INFO] Shard ID 0 has successfully RESUMED session deddeccb0ec77c89b41497be6db3cd3e.
2025-01-12 18:50:50,826 [INFO] Message from axon319: +poll CHINA KICKOFF 2
2025-01-12 18:50:50,851 [INFO] Team 1: Bilibili Gaming, Team 2: XLG Esports, Points: 1
2025-01-12 18:50:50,852 [INFO] Team 1: FunPlus Phoenix, Team 2: Titan Esports Club, Points: 1
2025-01-12 18:50:50,852 [INFO] Team 1: Trace Esports, Team 2: Dragon Ranger Gaming, Points: 1
2025-01-12 18:50:50,852 [INFO] Team 1: Edward Gaming, Team 2: Nova Esports, Points: 1
2025-01-12 19:34:39,241 [INFO] Shard ID 0 has successfully RESUMED session deddeccb0ec77c89b41497be6db3cd3e.
2025-01-12 20:21:55,655 [INFO] Message from axon319: +rank KICKOFF CHINA
2025-01-12 20:27:58,695 [INFO] Message from huntice: +rank KICKOFF CHINA
2025-01-12 20:37:18,522 [INFO] Message from lyclipz: +rank KICKOFF CHINA
2025-01-12 20:44:03,909 [INFO] Message from urjokingright: +rank
2025-01-12 20:55:02,359 [INFO] Message from korusumi: +rank
2025-01-12 21:29:13,874 [INFO] Message from axon319: +leaderboard KICKOFF CHINA
2025-01-12 22:43:34,930 [INFO] Shard ID 0 has successfully RESUMED session deddeccb0ec77c89b41497be6db3cd3e.
2025-01-13 00:43:37,979 [INFO] Shard ID 0 has successfully RESUMED session deddeccb0ec77c89b41497be6db3cd3e.
2025-01-13 03:18:12,279 [INFO] Shard ID 0 has successfully RESUMED session deddeccb0ec77c89b41497be6db3cd3e.
2025-01-13 06:40:17,409 [INFO] Shard ID 0 has successfully RESUMED session deddeccb0ec77c89b41497be6db3cd3e.
2025-01-13 08:20:31,112 [INFO] Shard ID 0 has successfully RESUMED session deddeccb0ec77c89b41497be6db3cd3e.
2025-01-13 10:35:08,309 [INFO] Shard ID 0 has successfully RESUMED session deddeccb0ec77c89b41497be6db3cd3e.
2025-01-13 13:42:32,832 [INFO] Shard ID 0 has successfully RESUMED session deddeccb0ec77c89b41497be6db3cd3e.
2025-01-13 14:33:18,037 [INFO] Shard ID 0 has successfully RESUMED session deddeccb0ec77c89b41497be6db3cd3e.
2025-01-13 14:54:26,965 [INFO] Message from axon319: +record CHINA KICKOFF 2
2025-01-13 14:54:33,189 [INFO] File and list created: {'Command': 'record', 'League': 'CHINA', 'Type': 'KICKOFF', 'Day': 2}
2025-01-13 14:54:33,190 [INFO] Game 1
2025-01-13 14:54:33,707 [INFO] <:BLG:1134892105987276880> has count: 22
2025-01-13 14:54:37,623 [INFO] <:XLG:1324128513179123713> has count: 16
2025-01-13 14:54:37,729 [INFO] Game is now closed
2025-01-13 14:54:37,729 [INFO] Game 2
2025-01-13 14:54:38,193 [INFO] <:FPX:1191923341729218630> has count: 38
2025-01-13 14:54:38,373 [INFO] <:TITAN:1191928241645170770> has count: 0
2025-01-13 14:54:38,418 [INFO] Game is now closed
2025-01-13 14:54:38,418 [INFO] Game 3
2025-01-13 14:54:38,796 [INFO] <:TRACE:1191928242890883143> has count: 35
2025-01-13 14:54:40,661 [INFO] <:DRG:1191928235966074890> has count: 3
2025-01-13 14:54:40,702 [INFO] Game is now closed
2025-01-13 14:54:40,703 [INFO] Game 4
2025-01-13 14:54:43,162 [INFO] <:EDG:1113552055173394503> has count: 37
2025-01-13 14:54:43,361 [INFO] <:NOVA:1191928240500121620> has count: 1
2025-01-13 14:54:43,402 [INFO] Game is now closed
2025-01-13 15:27:09,600 [INFO] Shard ID 0 has successfully RESUMED session deddeccb0ec77c89b41497be6db3cd3e.
2025-01-13 15:29:38,193 [INFO] Shard ID 0 has successfully RESUMED session deddeccb0ec77c89b41497be6db3cd3e.
2025-01-13 15:41:44,123 [INFO] Shard ID 0 has successfully RESUMED session deddeccb0ec77c89b41497be6db3cd3e.
2025-01-13 18:04:29,616 [INFO] Shard ID 0 has successfully RESUMED session deddeccb0ec77c89b41497be6db3cd3e.
2025-01-13 18:47:26,050 [INFO] Shard ID 0 has successfully RESUMED session deddeccb0ec77c89b41497be6db3cd3e.
2025-01-13 19:26:08,288 [INFO] Shard ID 0 has successfully RESUMED session deddeccb0ec77c89b41497be6db3cd3e.
2025-01-13 20:07:37,131 [INFO] Shard ID 0 has successfully RESUMED session deddeccb0ec77c89b41497be6db3cd3e.
2025-01-13 20:37:21,363 [INFO] Shard ID 0 has successfully RESUMED session deddeccb0ec77c89b41497be6db3cd3e.
2025-01-13 21:31:19,050 [INFO] Shard ID 0 has successfully RESUMED session deddeccb0ec77c89b41497be6db3cd3e.
2025-01-13 21:51:34,995 [INFO] Shard ID 0 has successfully RESUMED session deddeccb0ec77c89b41497be6db3cd3e.
2025-01-13 23:16:34,648 [INFO] Shard ID 0 has successfully RESUMED session deddeccb0ec77c89b41497be6db3cd3e.
2025-01-13 23:41:36,256 [INFO] Shard ID 0 has successfully RESUMED session deddeccb0ec77c89b41497be6db3cd3e.
2025-01-14 01:54:19,484 [INFO] Shard ID 0 has successfully RESUMED session deddeccb0ec77c89b41497be6db3cd3e.
2025-01-14 02:29:06,039 [INFO] Message from axon319: +poll EMEA KICKOFF 1
2025-01-14 02:29:06,043 [INFO] Team 1: GIANTX, Team 2: BBL Esports, Points: 1
2025-01-14 02:29:06,043 [INFO] Team 1: Team Liquid, Team 2: KOI, Points: 1
2025-01-14 02:29:06,043 [INFO] Team 1: Karmine Corp, Team 2: Natus Vincere, Points: 1
2025-01-14 02:29:06,044 [INFO] Team 1: APEKS, Team 2: Gentle Mates, Points: 1
2025-01-14 03:05:26,242 [INFO] Message from anshypanshy: +rank
2025-01-14 03:05:44,380 [INFO] Message from f1ash1: +rank
2025-01-14 04:27:18,447 [INFO] Shard ID 0 has successfully RESUMED session deddeccb0ec77c89b41497be6db3cd3e.
2025-01-14 06:14:57,319 [INFO] Shard ID 0 has successfully RESUMED session deddeccb0ec77c89b41497be6db3cd3e.
2025-01-14 07:03:34,133 [INFO] Shard ID 0 has successfully RESUMED session deddeccb0ec77c89b41497be6db3cd3e.
2025-01-14 08:53:00,220 [INFO] Message from kayfourfour: +rank
2025-01-14 10:37:30,747 [INFO] Shard ID 0 has successfully RESUMED session deddeccb0ec77c89b41497be6db3cd3e.
2025-01-14 12:18:50,263 [INFO] Shard ID 0 has successfully RESUMED session deddeccb0ec77c89b41497be6db3cd3e.
2025-01-14 12:39:22,208 [INFO] Shard ID 0 has successfully RESUMED session deddeccb0ec77c89b41497be6db3cd3e.
2025-01-14 14:59:44,727 [INFO] Shard ID 0 has successfully RESUMED session deddeccb0ec77c89b41497be6db3cd3e.
2025-01-14 15:20:41,959 [INFO] Shard ID 0 has successfully RESUMED session deddeccb0ec77c89b41497be6db3cd3e.
2025-01-14 15:29:57,620 [INFO] Shard ID 0 has successfully RESUMED session deddeccb0ec77c89b41497be6db3cd3e.
2025-01-14 16:10:49,949 [INFO] Shard ID 0 has successfully RESUMED session deddeccb0ec77c89b41497be6db3cd3e.
2025-01-14 16:15:16,889 [INFO] Shard ID 0 has successfully RESUMED session deddeccb0ec77c89b41497be6db3cd3e.
2025-01-14 16:36:20,854 [INFO] Shard ID 0 has successfully RESUMED session deddeccb0ec77c89b41497be6db3cd3e.
2025-01-14 17:30:46,073 [INFO] Shard ID 0 has successfully RESUMED session deddeccb0ec77c89b41497be6db3cd3e.
2025-01-14 18:34:20,180 [INFO] Shard ID 0 has successfully RESUMED session deddeccb0ec77c89b41497be6db3cd3e.
2025-01-14 19:08:09,696 [INFO] Shard ID 0 has successfully RESUMED session deddeccb0ec77c89b41497be6db3cd3e.
2025-01-14 19:47:33,013 [INFO] Shard ID 0 has successfully RESUMED session deddeccb0ec77c89b41497be6db3cd3e.
2025-01-14 21:06:54,941 [INFO] Shard ID 0 has successfully RESUMED session deddeccb0ec77c89b41497be6db3cd3e.
2025-01-14 21:07:00,235 [INFO] Shard ID 0 has successfully RESUMED session deddeccb0ec77c89b41497be6db3cd3e.
2025-01-14 23:49:09,411 [INFO] Shard ID 0 has successfully RESUMED session deddeccb0ec77c89b41497be6db3cd3e.
2025-01-15 00:05:58,121 [INFO] Shard ID 0 has successfully RESUMED session deddeccb0ec77c89b41497be6db3cd3e.
2025-01-15 00:06:18,662 [INFO] Shard ID 0 has successfully RESUMED session deddeccb0ec77c89b41497be6db3cd3e.
2025-01-15 00:23:13,971 [INFO] Message from korusumi: +rank
2025-01-15 00:23:25,102 [INFO] Message from f1ash1: +rank
2025-01-15 00:26:12,434 [INFO] Shard ID 0 has successfully RESUMED session deddeccb0ec77c89b41497be6db3cd3e.
2025-01-15 00:26:40,273 [INFO] Shard ID 0 has successfully RESUMED session deddeccb0ec77c89b41497be6db3cd3e.
2025-01-15 01:22:58,059 [INFO] Shard ID 0 has successfully RESUMED session deddeccb0ec77c89b41497be6db3cd3e.
2025-01-15 01:50:14,237 [INFO] Shard ID 0 has successfully RESUMED session deddeccb0ec77c89b41497be6db3cd3e.
2025-01-15 02:23:35,713 [INFO] Shard ID 0 has successfully RESUMED session deddeccb0ec77c89b41497be6db3cd3e.
2025-01-15 02:31:54,139 [INFO] Shard ID 0 has successfully RESUMED session deddeccb0ec77c89b41497be6db3cd3e.
2025-01-15 02:53:07,711 [INFO] Shard ID 0 has successfully RESUMED session deddeccb0ec77c89b41497be6db3cd3e.
2025-01-15 03:23:19,360 [INFO] Shard ID 0 has successfully RESUMED session deddeccb0ec77c89b41497be6db3cd3e.
2025-01-15 03:50:57,965 [INFO] Shard ID 0 has successfully RESUMED session deddeccb0ec77c89b41497be6db3cd3e.
2025-01-15 04:16:37,886 [INFO] Shard ID 0 has successfully RESUMED session deddeccb0ec77c89b41497be6db3cd3e.
2025-01-15 06:07:14,667 [INFO] Shard ID 0 has successfully RESUMED session deddeccb0ec77c89b41497be6db3cd3e.
2025-01-15 07:57:12,650 [INFO] Shard ID 0 has successfully RESUMED session deddeccb0ec77c89b41497be6db3cd3e.
2025-01-15 09:25:22,051 [INFO] Shard ID 0 has successfully RESUMED session deddeccb0ec77c89b41497be6db3cd3e.
2025-01-15 13:24:04,225 [INFO] Shard ID 0 has successfully RESUMED session deddeccb0ec77c89b41497be6db3cd3e.
2025-01-15 14:36:31,612 [INFO] Shard ID 0 has successfully RESUMED session deddeccb0ec77c89b41497be6db3cd3e.
2025-01-15 16:32:40,665 [INFO] Message from tilly_7: +rank
2025-01-15 17:16:20,642 [INFO] Shard ID 0 has successfully RESUMED session deddeccb0ec77c89b41497be6db3cd3e.
2025-01-15 17:38:55,472 [INFO] Message from axon319: +record EMEA KICKOFF 1
2025-01-15 17:39:02,262 [INFO] File and list created: {'Command': 'record', 'League': 'EMEA', 'Type': 'KICKOFF', 'Day': 1}
2025-01-15 17:39:02,262 [INFO] Game 1
2025-01-15 17:39:02,795 [INFO] <:GIANTX:1191930987190439996> has count: 33
2025-01-15 17:39:06,505 [INFO] <:BBL:1088622514676170865> has count: 7
2025-01-15 17:39:06,589 [INFO] Game is now closed
2025-01-15 17:39:06,591 [INFO] Game 2
2025-01-15 17:39:07,152 [INFO] <:LIQUID:1088622526214713445> has count: 32
2025-01-15 17:39:07,413 [INFO] <:KOI:1088622524763480124> has count: 8
2025-01-15 17:39:07,476 [INFO] Game is now closed
2025-01-15 17:39:07,476 [INFO] Game 3
2025-01-15 17:39:08,260 [INFO] <:KC:1088622522762797129> has count: 20
2025-01-15 17:39:08,542 [INFO] <:NAVI:1088622528039235595> has count: 20
2025-01-15 17:39:08,593 [INFO] Game is now closed
2025-01-15 17:39:08,593 [INFO] Game 4
2025-01-15 17:39:12,178 [INFO] <:APEKS:1324127852291162163> has count: 25
2025-01-15 17:39:12,452 [INFO] <:GENTLEMATES:1324137464784224317> has count: 15
2025-01-15 17:39:12,508 [INFO] Game is now closed
2025-01-15 19:49:34,307 [INFO] Shard ID 0 has successfully RESUMED session deddeccb0ec77c89b41497be6db3cd3e.
2025-01-15 19:49:43,520 [INFO] Shard ID 0 has successfully RESUMED session deddeccb0ec77c89b41497be6db3cd3e.
2025-01-15 19:50:10,852 [INFO] Message from axon319: +poll AMERICAS KICKOFF 1
2025-01-15 19:50:10,855 [INFO] Team 1: LOUD, Team 2: Evil Geniuses, Points: 1
2025-01-15 19:50:10,855 [INFO] Team 1: MIBR, Team 2: 100 Thieves, Points: 1
2025-01-15 19:50:10,855 [INFO] Team 1: NRG, Team 2: Cloud9, Points: 1
2025-01-15 19:50:10,855 [INFO] Team 1: 2G Esports, Team 2: FURIA Esports, Points: 1
2025-01-15 20:02:22,360 [INFO] Message from turtlepita: +rank
2025-01-15 20:09:50,000 [INFO] Shard ID 0 has successfully RESUMED session deddeccb0ec77c89b41497be6db3cd3e.
2025-01-15 20:09:58,360 [INFO] Shard ID 0 has successfully RESUMED session deddeccb0ec77c89b41497be6db3cd3e.
2025-01-15 20:28:31,082 [INFO] Message from tyottoyt: +rank
2025-01-15 21:40:00,060 [INFO] Message from tilly_7: +rank
2025-01-15 21:46:59,754 [INFO] Message from korusumi: +rank
2025-01-15 23:36:01,624 [INFO] Shard ID 0 has successfully RESUMED session deddeccb0ec77c89b41497be6db3cd3e.
2025-01-15 23:47:34,024 [INFO] Message from sp1nlot: +rank
2025-01-15 23:53:44,378 [INFO] Message from urjokingright: +rank
2025-01-15 23:54:58,083 [INFO] Message from korusumi: +rank
2025-01-15 23:55:06,386 [INFO] Message from f1ash1: +rank
2025-01-15 23:56:44,497 [INFO] Message from huntice: +rank
2025-01-16 01:37:57,310 [INFO] Shard ID 0 has successfully RESUMED session deddeccb0ec77c89b41497be6db3cd3e.
2025-01-16 01:51:53,549 [INFO] Message from beast6217: +rank
2025-01-16 02:42:35,350 [INFO] Shard ID 0 has successfully RESUMED session deddeccb0ec77c89b41497be6db3cd3e.
2025-01-16 02:59:17,196 [INFO] Shard ID 0 has successfully RESUMED session deddeccb0ec77c89b41497be6db3cd3e.
2025-01-16 04:21:10,918 [INFO] Message from sp1nlot: +rank
2025-01-16 04:50:30,088 [INFO] Message from space_rock: +rank
2025-01-16 06:34:54,927 [INFO] Shard ID 0 has successfully RESUMED session deddeccb0ec77c89b41497be6db3cd3e.
2025-01-16 08:43:29,042 [INFO] Shard ID 0 has successfully RESUMED session deddeccb0ec77c89b41497be6db3cd3e.
2025-01-16 12:12:08,379 [INFO] Shard ID 0 has successfully RESUMED session deddeccb0ec77c89b41497be6db3cd3e.
2025-01-16 12:38:08,892 [INFO] Shard ID 0 has successfully RESUMED session deddeccb0ec77c89b41497be6db3cd3e.
2025-01-16 13:41:23,103 [INFO] Shard ID 0 has successfully RESUMED session deddeccb0ec77c89b41497be6db3cd3e.
2025-01-16 13:47:09,058 [INFO] Message from axon319: +record CHINA KICKOFF 2
2025-01-16 13:47:15,496 [INFO] File and list created: {'Command': 'record', 'League': 'CHINA', 'Type': 'KICKOFF', 'Day': 2}
2025-01-16 13:47:15,497 [INFO] Game 1
2025-01-16 13:47:15,900 [INFO] <:BLG:1134892105987276880> has count: 29
2025-01-16 13:47:19,706 [INFO] <:XLG:1324128513179123713> has count: 17
2025-01-16 13:47:19,777 [INFO] Game is now closed
2025-01-16 13:47:19,777 [INFO] Game 2
2025-01-16 13:47:20,169 [INFO] <:FPX:1191923341729218630> has count: 46
2025-01-16 13:47:20,321 [INFO] <:TITAN:1191928241645170770> has count: 0
2025-01-16 13:47:20,371 [INFO] Game is now closed
2025-01-16 13:47:20,371 [INFO] Game 3
2025-01-16 13:47:20,791 [INFO] <:TRACE:1191928242890883143> has count: 42
2025-01-16 13:47:20,967 [INFO] <:DRG:1191928235966074890> has count: 4
2025-01-16 13:47:21,014 [INFO] Game is now closed
2025-01-16 13:47:21,015 [INFO] Game 4
2025-01-16 13:47:25,222 [INFO] <:EDG:1113552055173394503> has count: 45
2025-01-16 13:47:25,379 [INFO] <:NOVA:1191928240500121620> has count: 1
2025-01-16 13:47:25,431 [INFO] Game is now closed
2025-01-16 13:55:20,715 [INFO] Message from narranette: +rank
2025-01-16 14:56:55,626 [INFO] Shard ID 0 has successfully RESUMED session deddeccb0ec77c89b41497be6db3cd3e.
2025-01-16 15:24:01,116 [INFO] Message from korusumi: +rank
2025-01-16 15:35:36,501 [INFO] Message from urjokingright: +rank
2025-01-16 15:43:46,561 [INFO] Message from axon319: +poll PACIFIC KICKOFF 1
2025-01-16 15:43:46,566 [INFO] Team 1: T1, Team 2: BOOM Esports, Points: 1
2025-01-16 15:43:46,567 [INFO] Team 1: Global Esports, Team 2: Team Secret, Points: 1
2025-01-16 15:43:46,567 [INFO] Team 1: DetonatioN FocusMe, Team 2: Rex Regum Qeon, Points: 1
2025-01-16 15:43:46,567 [INFO] Team 1: ZETA DIVISION, Team 2: Nongshim RedForce, Points: 1
2025-01-16 15:45:44,490 [INFO] Message from narranette: +rank
2025-01-16 16:40:34,722 [INFO] Message from tilly_7: +rank
2025-01-16 17:40:44,488 [INFO] Message from tyottoyt: +rank
2025-01-16 17:51:07,986 [INFO] Message from drewspark: +rank
2025-01-16 18:45:46,160 [INFO] Shard ID 0 has successfully RESUMED session deddeccb0ec77c89b41497be6db3cd3e.
2025-01-16 19:04:38,699 [INFO] Message from axon319: +rank
2025-01-16 19:04:44,829 [INFO] Message from axon319: +leaderboard
2025-01-16 19:04:49,742 [INFO] Message from urjokingright: +rank
2025-01-16 19:44:17,423 [INFO] Message from korusumi: +rank
2025-01-16 19:44:34,359 [INFO] Message from f1ash1: +rank
2025-01-16 19:54:37,337 [INFO] Shard ID 0 has successfully RESUMED session deddeccb0ec77c89b41497be6db3cd3e.
2025-01-16 20:33:11,322 [INFO] Shard ID 0 has successfully RESUMED session deddeccb0ec77c89b41497be6db3cd3e.
2025-01-16 20:53:33,323 [INFO] Shard ID 0 has successfully RESUMED session deddeccb0ec77c89b41497be6db3cd3e.
2025-01-16 21:28:58,882 [INFO] Message from ponk8575: +rank
2025-01-16 22:20:27,528 [INFO] Message from axon319: +record AMERICAS KICKOFF 1
2025-01-16 22:20:34,141 [INFO] File and list created: {'Command': 'record', 'League': 'AMERICAS', 'Type': 'KICKOFF', 'Day': 1}
2025-01-16 22:20:34,142 [INFO] Game 1
2025-01-16 22:20:34,507 [INFO] <:LOUD:1088622599979946044> has count: 4
2025-01-16 22:20:38,245 [INFO] <:EG:1088622591192870943> has count: 47
2025-01-16 22:20:38,313 [INFO] Game is now closed
2025-01-16 22:20:38,313 [INFO] Game 2
2025-01-16 22:20:38,757 [INFO] <:MIBR:1088622601603141632> has count: 19
2025-01-16 22:20:38,971 [INFO] <:AME_100T:1086908925472952462> has count: 33
2025-01-16 22:20:39,030 [INFO] Game is now closed
2025-01-16 22:20:39,030 [INFO] Game 3
2025-01-16 22:20:39,399 [INFO] <:NRG:1088622605373800589> has count: 50
2025-01-16 22:20:39,789 [INFO] <:C9:1088622886165692457> has count: 2
2025-01-16 22:20:39,842 [INFO] Game is now closed
2025-01-16 22:20:39,843 [INFO] Game 4
2025-01-16 22:20:43,716 [INFO] <:2G:1324127850718040144> has count: 30
2025-01-16 22:20:43,884 [INFO] <:FURIA:1088622593386487858> has count: 20
2025-01-16 22:20:43,942 [INFO] Game is now closed
2025-01-16 22:20:49,162 [INFO] Message from axon319: +poll EMEA KICKOFF 2
2025-01-16 22:20:49,162 [INFO] Team 1: Team Heretics, Team 2: Gentle Mates, Points: 1
2025-01-16 22:20:49,162 [INFO] Team 1: Fnatic, Team 2: BBL Esports, Points: 1
2025-01-16 22:20:49,162 [INFO] Team 1: Team Liquid, Team 2: FUT Esports, Points: 1
2025-01-16 22:20:49,163 [INFO] Team 1: Karmine Corp, Team 2: Team Vitality, Points: 1
2025-01-16 23:07:37,563 [INFO] Shard ID 0 has successfully RESUMED session deddeccb0ec77c89b41497be6db3cd3e.
2025-01-17 01:28:52,815 [INFO] Message from tyottoyt: +rank
2025-01-17 02:08:29,063 [INFO] Message from narranette: +rank
2025-01-17 02:42:22,504 [INFO] Shard ID 0 has successfully RESUMED session deddeccb0ec77c89b41497be6db3cd3e.
2025-01-17 02:44:43,861 [INFO] Message from tyottoyt: +rank
2025-01-17 03:10:41,093 [INFO] Message from ponk8575: +rank
2025-01-17 03:34:23,740 [INFO] Message from tyottoyt: +rank
2025-01-17 03:35:52,427 [INFO] Shard ID 0 has successfully RESUMED session deddeccb0ec77c89b41497be6db3cd3e.
2025-01-17 05:14:57,767 [INFO] Message from bdubsz: +rank
2025-01-17 06:13:12,787 [INFO] Shard ID 0 has successfully RESUMED session deddeccb0ec77c89b41497be6db3cd3e.
2025-01-17 06:43:29,837 [INFO] Message from lyclipz: +rank
2025-01-17 06:52:01,823 [INFO] Message from beast6217: +rank
2025-01-17 08:38:10,313 [INFO] Message from lyclipz: +rank china
2025-01-17 08:38:22,394 [INFO] Message from lyclipz: +rank emea
2025-01-17 08:38:32,728 [INFO] Message from lyclipz: +rank na
2025-01-17 08:38:51,091 [INFO] Message from lyclipz: +rank americas
2025-01-17 09:40:26,484 [INFO] Shard ID 0 has successfully RESUMED session deddeccb0ec77c89b41497be6db3cd3e.
2025-01-17 10:52:16,814 [INFO] Shard ID 0 has successfully RESUMED session deddeccb0ec77c89b41497be6db3cd3e.
2025-01-17 14:33:51,481 [INFO] Shard ID 0 has successfully RESUMED session deddeccb0ec77c89b41497be6db3cd3e.
2025-01-17 16:30:45,519 [INFO] Shard ID 0 has successfully RESUMED session deddeccb0ec77c89b41497be6db3cd3e.
2025-01-17 18:04:48,672 [INFO] Message from axon319: +record EMEA KICKOFF 2
2025-01-17 18:04:55,105 [INFO] File and list created: {'Command': 'record', 'League': 'EMEA', 'Type': 'KICKOFF', 'Day': 2}
2025-01-17 18:04:55,106 [INFO] Game 1
2025-01-17 18:04:56,783 [INFO] <:TH:1088622529322696814> has count: 39
2025-01-17 18:04:59,474 [INFO] <:GENTLEMATES:1324137464784224317> has count: 1
2025-01-17 18:04:59,530 [INFO] Game is now closed
2025-01-17 18:04:59,530 [INFO] Game 2
2025-01-17 18:05:00,077 [INFO] <:FNC:1088622517993873408> has count: 39
2025-01-17 18:05:00,253 [INFO] <:BBL:1088622514676170865> has count: 1
2025-01-17 18:05:00,294 [INFO] Game is now closed
2025-01-17 18:05:00,294 [INFO] Game 3
2025-01-17 18:05:00,700 [INFO] <:LIQUID:1088622526214713445> has count: 6
2025-01-17 18:05:00,966 [INFO] <:FUT:1088622519185051718> has count: 33
2025-01-17 18:05:01,006 [INFO] Game is now closed
2025-01-17 18:05:01,007 [INFO] Game 4
2025-01-17 18:05:05,035 [INFO] <:KC:1088622522762797129> has count: 5
2025-01-17 18:05:05,356 [INFO] <:VIT:1088622561245536266> has count: 34
2025-01-17 18:05:05,399 [INFO] Game is now closed
2025-01-17 18:07:10,464 [INFO] Message from axon319: +poll CHINA KICKOFF 3
2025-01-17 18:07:10,468 [INFO] Team 1: Bilibili Gaming, Team 2: FunPlus Phoenix, Points: 1
2025-01-17 18:07:10,468 [INFO] Team 1: Trace Esports, Team 2: Edward Gaming, Points: 1
2025-01-17 18:07:10,468 [INFO] Team 1: XLG Esports, Team 2: All Gamers, Points: 1
2025-01-17 18:07:10,468 [INFO] Team 1: Titan Esports Club, Team 2: JD Gaming, Points: 1
2025-01-17 18:07:10,468 [INFO] Team 1: Wolves Esports, Team 2: Nova Esports, Points: 1
2025-01-17 18:07:10,468 [INFO] Team 1: TYLOO, Team 2: Dragon Ranger Gaming, Points: 1
2025-01-17 18:09:10,411 [INFO] Message from tyottoyt: +rank
2025-01-17 18:09:58,989 [INFO] Message from tilly_7: +rank
2025-01-17 18:11:50,088 [INFO] Message from axon319: +rank
2025-01-17 18:15:30,420 [INFO] Shard ID 0 has successfully RESUMED session deddeccb0ec77c89b41497be6db3cd3e.
2025-01-17 20:04:45,784 [INFO] Message from korusumi: +rank
2025-01-17 20:41:21,868 [INFO] Message from lyclipz: +rank
2025-01-17 22:10:19,035 [INFO] Shard ID 0 has successfully RESUMED session deddeccb0ec77c89b41497be6db3cd3e.
2025-01-17 22:36:27,009 [INFO] Message from turtlepita: +rank
2025-01-17 23:14:28,921 [INFO] Message from ponk8575: +rank
2025-01-17 23:42:48,082 [INFO] Shard ID 0 has successfully RESUMED session deddeccb0ec77c89b41497be6db3cd3e.
2025-01-18 00:38:19,199 [INFO] Shard ID 0 has successfully RESUMED session deddeccb0ec77c89b41497be6db3cd3e.
2025-01-18 00:43:22,260 [INFO] Message from beast6217: +rank
2025-01-18 01:25:33,582 [INFO] Message from urjokingright: +rank
2025-01-18 02:22:39,683 [INFO] Message from axon319: +poll AMERICAS KICKOFF 2
2025-01-18 02:22:39,685 [INFO] Team 1: KRU Esports, Team 2: LOUD, Points: 1
2025-01-18 02:22:39,686 [INFO] Team 1: Sentinels, Team 2: 100 Thieves, Points: 1
2025-01-18 02:22:39,686 [INFO] Team 1: Leviatan, Team 2: FURIA Esports, Points: 1
2025-01-18 02:22:39,686 [INFO] Team 1: G2 Esports, Team 2: Cloud9, Points: 1
2025-01-18 02:25:50,750 [INFO] Message from axon319: +leaderboard AMERICAS
2025-01-18 02:27:30,888 [INFO] Message from tyottoyt: +rank
2025-01-18 02:48:00,276 [INFO] Message from beast6217: +rank na
2025-01-18 02:48:27,060 [INFO] Message from beast6217: +rank Americas
2025-01-18 02:48:42,563 [INFO] Shard ID 0 has successfully RESUMED session deddeccb0ec77c89b41497be6db3cd3e.
2025-01-18 04:32:26,584 [INFO] Message from narranette: +rank
2025-01-18 04:52:04,309 [INFO] Message from ponk8575: +rank
2025-01-18 04:52:47,271 [INFO] Message from urjokingright: +rank
2025-01-18 05:26:15,904 [INFO] Message from axon319: +rank CHINA
2025-01-18 05:26:29,828 [INFO] Message from axon319: +rank AMERICAS
2025-01-18 05:26:39,748 [INFO] Message from axon319: +rank emea
2025-01-18 06:30:51,412 [INFO] Shard ID 0 has successfully RESUMED session deddeccb0ec77c89b41497be6db3cd3e.
2025-01-18 07:59:34,525 [INFO] Message from lyclipz: +rank
2025-01-18 07:59:48,450 [INFO] Message from lyclipz: +rank americas
2025-01-18 07:59:56,501 [INFO] Message from lyclipz: +rank emea
2025-01-18 08:00:04,316 [INFO] Message from lyclipz: +rank china
2025-01-18 08:00:18,038 [INFO] Message from lyclipz: +rank pacific
2025-01-18 08:08:11,774 [INFO] Message from axon319: +record PACIFIC KICKOFF 1
2025-01-18 08:08:18,342 [INFO] File and list created: {'Command': 'record', 'League': 'PACIFIC', 'Type': 'KICKOFF', 'Day': 1}
2025-01-18 08:08:18,343 [INFO] Game 1
2025-01-18 08:08:18,739 [INFO] <:T1:1088622656175226961> has count: 46
2025-01-18 08:08:22,524 [INFO] <:BOOM:1324128510297509948> has count: 0
2025-01-18 08:08:22,588 [INFO] Game is now closed
2025-01-18 08:08:22,588 [INFO] Game 2
2025-01-18 08:08:22,984 [INFO] <:GE:1088622645920137226> has count: 19
2025-01-18 08:08:23,210 [INFO] <:SECRET:1088622655097278464> has count: 27
2025-01-18 08:08:23,270 [INFO] Game is now closed
2025-01-18 08:08:23,270 [INFO] Game 3
2025-01-18 08:08:23,612 [INFO] <:DFM:1088622642241740850> has count: 37
2025-01-18 08:08:23,870 [INFO] <:RRQ:1088622651636977695> has count: 9
2025-01-18 08:08:23,919 [INFO] Game is now closed
2025-01-18 08:08:23,919 [INFO] Game 4
2025-01-18 08:08:27,948 [INFO] <:ZETA:1088622660319187015> has count: 9
2025-01-18 08:08:28,158 [INFO] <:NONGSHIMREDFORCE:1324128511744802836> has count: 37
2025-01-18 08:08:28,205 [INFO] Game is now closed
2025-01-18 09:19:03,454 [INFO] Message from axon319: +record CHINA KICKOFF 3
2025-01-18 09:19:14,709 [INFO] File and list created: {'Command': 'record', 'League': 'CHINA', 'Type': 'KICKOFF', 'Day': 3}
2025-01-18 09:19:14,710 [INFO] Game 1
2025-01-18 09:19:15,089 [INFO] <:BLG:1134892105987276880> has count: 3
2025-01-18 09:19:15,261 [INFO] <:FPX:1191923341729218630> has count: 29
2025-01-18 09:19:15,339 [INFO] Game is now closed
2025-01-18 09:19:15,340 [INFO] Game 2
2025-01-18 09:19:19,519 [INFO] <:TRACE:1191928242890883143> has count: 2
2025-01-18 09:19:19,699 [INFO] <:EDG:1113552055173394503> has count: 31
2025-01-18 09:19:19,768 [INFO] Game is now closed
2025-01-18 09:19:19,769 [INFO] Game 3
2025-01-18 09:19:20,228 [INFO] <:XLG:1324128513179123713> has count: 32
2025-01-18 09:19:20,437 [INFO] <:ALLGAMERS:1191928232799387679> has count: 1
2025-01-18 09:19:20,481 [INFO] Game is now closed
2025-01-18 09:19:20,481 [INFO] Game 4
2025-01-18 09:19:20,887 [INFO] <:TITAN:1191928241645170770> has count: 33
2025-01-18 09:19:24,678 [INFO] <:JDG:1191928237408919564> has count: 0
2025-01-18 09:19:24,729 [INFO] Game is now closed
2025-01-18 09:19:24,730 [INFO] Game 5
2025-01-18 09:19:25,114 [INFO] <:WOL:1191923125777092608> has count: 26
2025-01-18 09:19:25,302 [INFO] <:NOVA:1191928240500121620> has count: 6
2025-01-18 09:19:25,358 [INFO] Game is now closed
2025-01-18 09:19:25,358 [INFO] Game 6
2025-01-18 09:19:25,765 [INFO] <:TYLOO:1191929004966543360> has count: 2
2025-01-18 09:19:25,976 [INFO] <:DRG:1191928235966074890> has count: 30
2025-01-18 09:19:26,022 [INFO] Game is now closed
2025-01-18 09:33:06,062 [INFO] Shard ID 0 has successfully RESUMED session deddeccb0ec77c89b41497be6db3cd3e.
2025-01-18 10:35:37,962 [INFO] Message from kayfourfour: +rank
2025-01-18 11:33:18,852 [INFO] Message from korusumi: +rank
2025-01-18 12:23:23,077 [INFO] Shard ID 0 has successfully RESUMED session deddeccb0ec77c89b41497be6db3cd3e.
2025-01-18 15:47:47,262 [INFO] Shard ID 0 has successfully RESUMED session deddeccb0ec77c89b41497be6db3cd3e.
2025-01-18 16:39:52,110 [INFO] Message from tyottoyt: +rank
2025-01-18 16:40:00,183 [INFO] Message from tyottoyt: +rank emea
2025-01-18 16:40:13,002 [INFO] Message from tyottoyt: +rank americas
2025-01-18 17:40:02,894 [INFO] Shard ID 0 has successfully RESUMED session deddeccb0ec77c89b41497be6db3cd3e.
2025-01-18 17:57:55,089 [INFO] Message from axon319: +rank pacific
2025-01-18 20:12:19,607 [INFO] Shard ID 0 has successfully RESUMED session deddeccb0ec77c89b41497be6db3cd3e.
2025-01-18 22:49:35,568 [INFO] Message from axon319: +record AMERICAS KICKOFF 2
2025-01-18 22:49:41,967 [INFO] File and list created: {'Command': 'record', 'League': 'AMERICAS', 'Type': 'KICKOFF', 'Day': 2}
2025-01-18 22:49:41,968 [INFO] Game 1
2025-01-18 22:49:42,391 [INFO] <:KRU:1088622595504619621> has count: 33
2025-01-18 22:49:46,247 [INFO] <:LOUD:1088622599979946044> has count: 6
2025-01-18 22:49:46,346 [INFO] Game is now closed
2025-01-18 22:49:46,346 [INFO] Game 2
2025-01-18 22:49:46,746 [INFO] <:AME_SEN:1038562021664370758> has count: 37
2025-01-18 22:49:46,949 [INFO] <:AME_100T:1086908925472952462> has count: 4
2025-01-18 22:49:46,995 [INFO] Game is now closed
2025-01-18 22:49:46,995 [INFO] Game 3
2025-01-18 22:49:47,398 [INFO] <:LEV:1088622597584990218> has count: 31
2025-01-18 22:49:47,631 [INFO] <:FURIA:1088622593386487858> has count: 8
2025-01-18 22:49:47,676 [INFO] Game is now closed
2025-01-18 22:49:47,676 [INFO] Game 4
2025-01-18 22:49:51,801 [INFO] <:G2:1191932292059373668> has count: 35
2025-01-18 22:49:51,981 [INFO] <:C9:1088622886165692457> has count: 4
2025-01-18 22:49:52,037 [INFO] Game is now closed
2025-01-18 22:52:24,448 [INFO] Message from axon319: +rank CHINA
2025-01-18 22:52:53,497 [INFO] Message from ponk8575: +rank
2025-01-18 22:59:41,617 [INFO] Shard ID 0 has successfully RESUMED session deddeccb0ec77c89b41497be6db3cd3e.
2025-01-18 23:20:45,657 [INFO] Message from urjokingright: +rank
2025-01-18 23:48:08,125 [INFO] Shard ID 0 has successfully RESUMED session deddeccb0ec77c89b41497be6db3cd3e.
2025-01-19 02:29:37,067 [INFO] Shard ID 0 has successfully RESUMED session deddeccb0ec77c89b41497be6db3cd3e.
2025-01-19 03:29:20,388 [INFO] Message from korusumi: +rank
2025-01-19 03:43:28,381 [INFO] Message from ponk8575: +rank
2025-01-19 04:11:13,975 [INFO] Message from narranette: +rank
2025-01-19 04:16:03,908 [INFO] Shard ID 0 has successfully RESUMED session deddeccb0ec77c89b41497be6db3cd3e.
2025-01-19 04:23:40,995 [INFO] Message from ponk8575: +rank
2025-01-19 04:29:32,041 [INFO] Message from urjokingright: +rank
2025-01-19 06:44:49,276 [INFO] Shard ID 0 has successfully RESUMED session deddeccb0ec77c89b41497be6db3cd3e.
2025-01-19 10:04:02,801 [INFO] Shard ID 0 has successfully RESUMED session deddeccb0ec77c89b41497be6db3cd3e.
2025-01-19 12:30:33,366 [INFO] Shard ID 0 has successfully RESUMED session deddeccb0ec77c89b41497be6db3cd3e.
2025-01-19 15:12:52,084 [INFO] Shard ID 0 has successfully RESUMED session deddeccb0ec77c89b41497be6db3cd3e.
2025-01-19 16:16:40,179 [INFO] Message from tyottoyt: +rank
2025-01-19 17:12:16,509 [INFO] Message from beast6217: +rank
2025-01-19 17:25:49,565 [INFO] Message from lyclipz: +rank
2025-01-19 17:51:16,954 [INFO] Message from axon319: +poll PACIFIC KICKOFF 2
2025-01-19 17:51:16,960 [INFO] Team 1: Paper Rex, Team 2: T1, Points: 1
2025-01-19 17:51:16,960 [INFO] Team 1: Talon Esports, Team 2: Global Esports, Points: 1
2025-01-19 17:51:16,961 [INFO] Team 1: Gen.G, Team 2: Rex Regum Qeon, Points: 1
2025-01-19 17:51:16,961 [INFO] Team 1: DRX, Team 2: Nongshim RedForce, Points: 1
2025-01-19 17:51:56,324 [INFO] Message from axon319: +rank PACIFIC
2025-01-19 17:52:03,112 [INFO] Message from axon319: +rank CHINA
2025-01-19 17:52:17,849 [INFO] Message from tyottoyt: +rank PACIFIC
2025-01-19 18:04:42,590 [INFO] Message from urjokingright: +rank
2025-01-19 18:05:13,299 [INFO] Message from urjokingright: +rank china
2025-01-19 18:05:30,004 [INFO] Message from urjokingright: +rank pacific
2025-01-19 18:05:43,333 [INFO] Message from urjokingright: +rank emea
2025-01-19 18:12:15,581 [INFO] Message from lyclipz: +rank emea
2025-01-19 18:12:20,300 [INFO] Message from lyclipz: +rank china
2025-01-19 18:12:25,629 [INFO] Message from lyclipz: +rank americas
2025-01-19 18:12:31,502 [INFO] Message from lyclipz: +rank pacific
2025-01-19 18:12:59,501 [INFO] Message from lyclipz: +rank
2025-01-19 18:48:25,901 [INFO] Message from huntice: +rank
2025-01-19 19:04:50,043 [INFO] Message from drewspark: +rank americas
2025-01-19 19:08:24,814 [INFO] Shard ID 0 has successfully RESUMED session deddeccb0ec77c89b41497be6db3cd3e.
2025-01-19 19:14:52,568 [INFO] Message from korusumi: +rank americas
2025-01-19 20:03:23,544 [INFO] Message from drewspark: +leaderboard americas
2025-01-19 20:03:53,904 [INFO] Message from drewspark: +leaderboard china
2025-01-19 20:04:03,582 [INFO] Message from drewspark: +leaderboard pacific
2025-01-19 20:04:16,207 [INFO] Message from drewspark: +leaderboard emea
2025-01-19 20:36:38,807 [INFO] Message from tilly_7: +rank
2025-01-19 21:57:25,613 [INFO] Message from 8bitducky: +rank China
2025-01-19 21:57:34,139 [INFO] Message from 8bitducky: +rank emea
2025-01-19 21:57:39,771 [INFO] Message from 8bitducky: +rank pacific
2025-01-19 22:00:58,970 [INFO] Message from korusumi: +rank
2025-01-19 22:02:00,399 [INFO] Message from 8bitducky: +rank
2025-01-19 23:04:02,223 [INFO] Shard ID 0 has successfully RESUMED session deddeccb0ec77c89b41497be6db3cd3e.
2025-01-19 23:21:43,607 [INFO] Message from kayfourfour: +rank
2025-01-19 23:51:53,392 [INFO] Shard ID 0 has successfully RESUMED session deddeccb0ec77c89b41497be6db3cd3e.
2025-01-20 00:44:37,785 [INFO] Message from ponk8575: +rank
2025-01-20 02:15:24,951 [INFO] Message from narranette: +rank
2025-01-20 02:15:31,837 [INFO] Message from narranette: +rank china
2025-01-20 02:16:17,073 [INFO] Message from narranette: +rank emea
2025-01-20 02:16:41,760 [INFO] Message from narranette: +rank americas
2025-01-20 02:16:49,910 [INFO] Message from narranette: +rank pacific
2025-01-20 02:24:33,857 [INFO] Message from axon319: +poll AMERICAS KICKOFF 3
2025-01-20 02:24:33,861 [INFO] Team 1: LOUD, Team 2: Sentinels, Points: 1
2025-01-20 02:24:33,863 [INFO] Team 1: Leviatan, Team 2: G2 Esports, Points: 1
2025-01-20 02:24:33,863 [INFO] Team 1: Evil Geniuses, Team 2: FURIA Esports, Points: 1
2025-01-20 02:24:33,864 [INFO] Team 1: MIBR, Team 2: Cloud9, Points: 1
2025-01-20 02:24:33,864 [INFO] Team 1: NRG, Team 2: 100 Thieves, Points: 1
2025-01-20 02:24:33,864 [INFO] Team 1: 2G Esports, Team 2: KRU Esports, Points: 1
2025-01-20 02:27:07,015 [INFO] Message from axon319: +leaderboard KICKOFF
2025-01-20 02:35:31,627 [INFO] Shard ID 0 has successfully RESUMED session deddeccb0ec77c89b41497be6db3cd3e.
2025-01-20 02:41:47,455 [INFO] Message from beast6217: +rank americas
2025-01-20 02:42:00,098 [INFO] Message from beast6217: +rank emea
2025-01-20 02:42:15,594 [INFO] Message from beast6217: +rank pacific
2025-01-20 02:42:27,611 [INFO] Message from beast6217: +rank china
2025-01-20 02:43:39,462 [INFO] Message from huntice: +rank EMEA
2025-01-20 02:43:52,233 [INFO] Message from huntice: +rank China
2025-01-20 02:44:01,711 [INFO] Message from huntice: +rank pacific
2025-01-20 02:44:22,388 [INFO] Message from huntice: +rank americas
2025-01-20 03:40:13,527 [INFO] Message from ponk8575: +rank
2025-01-20 05:53:28,254 [INFO] Shard ID 0 has successfully RESUMED session deddeccb0ec77c89b41497be6db3cd3e.
2025-01-20 06:58:37,248 [INFO] Shard ID 0 has successfully RESUMED session deddeccb0ec77c89b41497be6db3cd3e.
2025-01-20 10:04:32,846 [INFO] Shard ID 0 has successfully RESUMED session deddeccb0ec77c89b41497be6db3cd3e.
2025-01-20 13:03:35,793 [INFO] Shard ID 0 has successfully RESUMED session deddeccb0ec77c89b41497be6db3cd3e.
2025-01-20 15:09:00,452 [INFO] Shard ID 0 has successfully RESUMED session deddeccb0ec77c89b41497be6db3cd3e.
2025-01-20 15:51:47,900 [INFO] Shard ID 0 has successfully RESUMED session deddeccb0ec77c89b41497be6db3cd3e.
2025-01-20 16:08:36,717 [INFO] Shard ID 0 has successfully RESUMED session deddeccb0ec77c89b41497be6db3cd3e.
2025-01-20 17:14:10,932 [INFO] Shard ID 0 has successfully RESUMED session deddeccb0ec77c89b41497be6db3cd3e.
2025-01-20 18:02:25,507 [INFO] Message from axon319: +record PACIFIC KICKOFF 2
2025-01-20 18:02:31,958 [INFO] File and list created: {'Command': 'record', 'League': 'PACIFIC', 'Type': 'KICKOFF', 'Day': 2}
2025-01-20 18:02:31,958 [INFO] Game 1
2025-01-20 18:02:32,373 [INFO] <:PRX:1091440856898224198> has count: 19
2025-01-20 18:02:36,252 [INFO] <:T1:1088622656175226961> has count: 16
2025-01-20 18:02:36,328 [INFO] Game is now closed
2025-01-20 18:02:36,328 [INFO] Game 2
2025-01-20 18:02:36,708 [INFO] <:TALON:1088622659308355584> has count: 28
2025-01-20 18:02:36,892 [INFO] <:GE:1088622645920137226> has count: 7
2025-01-20 18:02:36,938 [INFO] Game is now closed
2025-01-20 18:02:36,939 [INFO] Game 3
2025-01-20 18:02:37,304 [INFO] <:GENG:1088622646989705218> has count: 34
2025-01-20 18:02:37,569 [INFO] <:RRQ:1088622651636977695> has count: 1
2025-01-20 18:02:37,616 [INFO] Game is now closed
2025-01-20 18:02:37,616 [INFO] Game 4
2025-01-20 18:02:41,714 [INFO] <:DRX:1088622644586348704> has count: 12
2025-01-20 18:02:41,938 [INFO] <:NONGSHIMREDFORCE:1324128511744802836> has count: 23
2025-01-20 18:02:41,981 [INFO] Game is now closed
2025-01-20 18:16:00,878 [INFO] Message from beast6217: +rank china
2025-01-20 18:43:38,167 [INFO] Message from korusumi: +rank
2025-01-20 20:30:35,699 [INFO] Shard ID 0 has successfully RESUMED session deddeccb0ec77c89b41497be6db3cd3e.
2025-01-20 20:32:53,108 [INFO] Message from axon319: +poll CHINA KICKOFF 4
2025-01-20 20:32:53,111 [INFO] Team 1: Bilibili Gaming, Team 2: Trace Esports, Points: 1
2025-01-20 20:32:53,111 [INFO] Team 1: JD Gaming, Team 2: XLG Esports, Points: 1
2025-01-20 20:32:53,111 [INFO] Team 1: Nova Esports, Team 2: Dragon Ranger Gaming, Points: 1
2025-01-20 20:33:47,009 [INFO] Message from beast6217: +rank
2025-01-20 20:33:56,214 [INFO] Message from beast6217: +rank china
2025-01-20 20:34:14,857 [INFO] Message from tyottoyt: +rank
2025-01-20 20:35:39,263 [INFO] Message from axon319: +rank
2025-01-20 20:41:04,753 [INFO] Message from urjokingright: +rank
2025-01-20 21:04:17,352 [INFO] Message from ponk8575: +rank
2025-01-20 21:14:47,378 [INFO] Message from lyclipz: +rank
2025-01-20 21:34:52,416 [INFO] Message from narranette: +rank
2025-01-21 00:07:54,116 [INFO] Shard ID 0 has successfully RESUMED session deddeccb0ec77c89b41497be6db3cd3e.
2025-01-21 03:26:47,684 [INFO] Shard ID 0 has successfully RESUMED session deddeccb0ec77c89b41497be6db3cd3e.
2025-01-21 05:10:06,203 [INFO] Shard ID 0 has successfully RESUMED session deddeccb0ec77c89b41497be6db3cd3e.
2025-01-21 08:45:31,118 [INFO] Shard ID 0 has successfully RESUMED session deddeccb0ec77c89b41497be6db3cd3e.
2025-01-21 09:24:53,161 [INFO] Shard ID 0 has successfully RESUMED session deddeccb0ec77c89b41497be6db3cd3e.
2025-01-21 11:45:29,130 [INFO] Shard ID 0 has successfully RESUMED session deddeccb0ec77c89b41497be6db3cd3e.
2025-01-21 12:08:51,997 [INFO] Shard ID 0 has successfully RESUMED session deddeccb0ec77c89b41497be6db3cd3e.
2025-01-21 13:48:00,463 [INFO] Shard ID 0 has successfully RESUMED session deddeccb0ec77c89b41497be6db3cd3e.
2025-01-21 15:47:45,807 [INFO] Message from redicendia: +rank
2025-01-21 16:52:14,783 [INFO] Shard ID 0 has successfully RESUMED session deddeccb0ec77c89b41497be6db3cd3e.
2025-01-21 17:32:39,036 [INFO] Message from axon319: +record CHINA KICKOFF 4
2025-01-21 17:32:44,781 [INFO] File and list created: {'Command': 'record', 'League': 'CHINA', 'Type': 'KICKOFF', 'Day': 4}
2025-01-21 17:32:44,782 [INFO] Game 1
2025-01-21 17:32:45,210 [INFO] <:BLG:1134892105987276880> has count: 3
2025-01-21 17:32:45,412 [INFO] <:TRACE:1191928242890883143> has count: 33
2025-01-21 17:32:45,469 [INFO] Game is now closed
2025-01-21 17:32:45,469 [INFO] Game 2
2025-01-21 17:32:45,849 [INFO] <:JDG:1191928237408919564> has count: 1
2025-01-21 17:32:49,819 [INFO] <:XLG:1324128513179123713> has count: 35
2025-01-21 17:32:49,864 [INFO] Game is now closed
2025-01-21 17:32:49,864 [INFO] Game 3
2025-01-21 17:32:50,233 [INFO] <:NOVA:1191928240500121620> has count: 6
2025-01-21 17:32:50,509 [INFO] <:DRG:1191928235966074890> has count: 30
2025-01-21 17:32:50,548 [INFO] Game is now closed
2025-01-21 17:34:10,541 [INFO] Message from axon319: +poll CHINA KICKOFF 5
2025-01-21 17:34:10,546 [INFO] Team 1: FunPlus Phoenix, Team 2: Dragon Ranger Gaming, Points: 1
2025-01-21 17:34:10,546 [INFO] Team 1: Edward Gaming, Team 2: XLG Esports, Points: 1
2025-01-21 17:36:14,219 [INFO] Message from tyottoyt: +rank
2025-01-21 17:36:27,872 [INFO] Message from tyottoyt: +rank china
2025-01-21 17:48:26,627 [INFO] Message from lyclipz: +rank
2025-01-21 18:36:23,299 [INFO] Message from urjokingright: +rank
2025-01-21 20:16:00,605 [INFO] Message from ponk8575: +rank
2025-01-21 20:41:13,606 [INFO] Shard ID 0 has successfully RESUMED session deddeccb0ec77c89b41497be6db3cd3e.
2025-01-21 20:56:16,837 [INFO] Message from turtlepita: +rank
2025-01-21 20:57:09,331 [INFO] Shard ID 0 has successfully RESUMED session deddeccb0ec77c89b41497be6db3cd3e.
2025-01-21 21:11:47,358 [INFO] Shard ID 0 has successfully RESUMED session deddeccb0ec77c89b41497be6db3cd3e.
2025-01-21 21:53:45,551 [INFO] Shard ID 0 has successfully RESUMED session deddeccb0ec77c89b41497be6db3cd3e.
2025-01-21 22:20:36,021 [INFO] Shard ID 0 has successfully RESUMED session deddeccb0ec77c89b41497be6db3cd3e.
2025-01-22 00:01:25,835 [INFO] Shard ID 0 has successfully RESUMED session deddeccb0ec77c89b41497be6db3cd3e.
2025-01-22 00:19:18,149 [INFO] Shard ID 0 has successfully RESUMED session deddeccb0ec77c89b41497be6db3cd3e.
2025-01-22 02:23:34,228 [INFO] Shard ID 0 has successfully RESUMED session deddeccb0ec77c89b41497be6db3cd3e.
2025-01-22 02:44:43,512 [INFO] Shard ID 0 has successfully RESUMED session deddeccb0ec77c89b41497be6db3cd3e.
2025-01-22 03:39:05,295 [INFO] Shard ID 0 has successfully RESUMED session deddeccb0ec77c89b41497be6db3cd3e.
2025-01-22 04:26:03,131 [INFO] Shard ID 0 has successfully RESUMED session deddeccb0ec77c89b41497be6db3cd3e.
2025-01-22 07:06:06,807 [INFO] Shard ID 0 has successfully RESUMED session deddeccb0ec77c89b41497be6db3cd3e.
2025-01-22 07:39:51,208 [INFO] Shard ID 0 has successfully RESUMED session deddeccb0ec77c89b41497be6db3cd3e.
2025-01-22 07:58:55,442 [INFO] Shard ID 0 has successfully RESUMED session deddeccb0ec77c89b41497be6db3cd3e.
2025-01-22 08:25:12,632 [INFO] Shard ID 0 has successfully RESUMED session deddeccb0ec77c89b41497be6db3cd3e.
2025-01-22 11:50:56,900 [INFO] Shard ID 0 has successfully RESUMED session deddeccb0ec77c89b41497be6db3cd3e.
2025-01-22 12:12:05,040 [INFO] Shard ID 0 has successfully RESUMED session deddeccb0ec77c89b41497be6db3cd3e.
2025-01-22 13:46:23,944 [INFO] Shard ID 0 has successfully RESUMED session deddeccb0ec77c89b41497be6db3cd3e.
2025-01-22 14:42:06,214 [INFO] Message from f1ash1: +rank
2025-01-22 15:04:54,271 [INFO] Shard ID 0 has successfully RESUMED session deddeccb0ec77c89b41497be6db3cd3e.
2025-01-22 15:35:15,751 [INFO] Message from tyottoyt: +rank
2025-01-22 15:47:54,776 [INFO] Shard ID 0 has successfully RESUMED session deddeccb0ec77c89b41497be6db3cd3e.
2025-01-22 16:16:31,569 [INFO] Message from axon319: +record CHINA KICKOFF 5
2025-01-22 16:16:32,958 [INFO] File and list created: {'Command': 'record', 'League': 'CHINA', 'Type': 'KICKOFF', 'Day': 5}
2025-01-22 16:16:32,959 [INFO] Game 1
2025-01-22 16:16:37,046 [INFO] <:FPX:1191923341729218630> has count: 31
2025-01-22 16:16:37,229 [INFO] <:DRG:1191928235966074890> has count: 4
2025-01-22 16:16:37,348 [INFO] Game is now closed
2025-01-22 16:16:37,348 [INFO] Game 2
2025-01-22 16:16:37,861 [INFO] <:EDG:1113552055173394503> has count: 31
2025-01-22 16:16:38,073 [INFO] <:XLG:1324128513179123713> has count: 4
2025-01-22 16:16:38,119 [INFO] Game is now closed
2025-01-22 16:17:34,086 [INFO] Message from axon319: +poll CHINA KICKOFF 6
2025-01-22 16:17:34,088 [INFO] Team 1: Bilibili Gaming, Team 2: Trace Esports, Points: 1
2025-01-22 16:17:34,088 [INFO] Team 1: Dragon Ranger Gaming, Team 2: Edward Gaming, Points: 1
2025-01-22 16:18:25,876 [INFO] Message from axon319: +rank CHINA
2025-01-22 16:18:39,094 [INFO] Message from beast6217: +rank
2025-01-22 16:18:52,754 [INFO] Message from beast6217: +rank china
2025-01-22 16:19:40,626 [INFO] Message from ponk8575: +rank
2025-01-22 16:22:48,356 [INFO] Message from urjokingright: +rank
2025-01-22 16:27:41,363 [INFO] Message from axon319: +leaderboard
2025-01-22 16:27:54,286 [INFO] Message from axon319: +rank
2025-01-22 16:29:51,112 [INFO] Message from korusumi: +rank
2025-01-22 17:25:34,946 [INFO] Shard ID 0 has successfully RESUMED session deddeccb0ec77c89b41497be6db3cd3e.
2025-01-22 17:38:17,994 [INFO] Shard ID 0 has successfully RESUMED session deddeccb0ec77c89b41497be6db3cd3e.
2025-01-22 17:50:53,304 [INFO] Shard ID 0 has successfully RESUMED session deddeccb0ec77c89b41497be6db3cd3e.
2025-01-22 18:32:38,825 [INFO] Shard ID 0 has successfully RESUMED session deddeccb0ec77c89b41497be6db3cd3e.
2025-01-22 18:40:19,763 [INFO] Shard ID 0 has successfully RESUMED session deddeccb0ec77c89b41497be6db3cd3e.
2025-01-22 19:02:52,664 [INFO] Shard ID 0 has successfully RESUMED session deddeccb0ec77c89b41497be6db3cd3e.
2025-01-22 19:48:33,193 [INFO] Shard ID 0 has successfully RESUMED session deddeccb0ec77c89b41497be6db3cd3e.
2025-01-22 20:06:36,101 [INFO] Shard ID 0 has successfully RESUMED session deddeccb0ec77c89b41497be6db3cd3e.
2025-01-22 21:31:07,034 [INFO] Message from axon319: +poll EMEA KICKOFF 3
2025-01-22 21:31:07,037 [INFO] Team 1: Team Heretics, Team 2: BBL Esports, Points: 1
2025-01-22 21:31:07,037 [INFO] Team 1: FUT Esports, Team 2: Team Vitality, Points: 1
2025-01-22 21:31:07,037 [INFO] Team 1: GIANTX, Team 2: Karmine Corp, Points: 1
2025-01-22 21:31:07,037 [INFO] Team 1: KOI, Team 2: Gentle Mates, Points: 1
2025-01-22 21:31:07,037 [INFO] Team 1: Natus Vincere, Team 2: Fnatic, Points: 1
2025-01-22 21:31:07,037 [INFO] Team 1: APEKS, Team 2: Team Liquid, Points: 1
2025-01-22 21:39:34,815 [INFO] Message from urjokingright: +rank
2025-01-22 22:04:29,608 [INFO] Message from narranette: +rank
2025-01-22 22:22:21,748 [INFO] Message from turtlepita: +rank
2025-01-22 22:22:26,519 [INFO] Message from turtlepita: +rank China
2025-01-22 23:04:08,738 [INFO] Message from narranette: +rank china
2025-01-22 23:04:14,083 [INFO] Message from narranette: +rank emea
2025-01-22 23:04:24,502 [INFO] Message from narranette: +rank pacific
2025-01-22 23:06:05,285 [INFO] Shard ID 0 has successfully RESUMED session deddeccb0ec77c89b41497be6db3cd3e.
2025-01-22 23:53:23,026 [INFO] Message from tilly_7: +rank
2025-01-23 01:18:36,459 [INFO] Shard ID 0 has successfully RESUMED session deddeccb0ec77c89b41497be6db3cd3e.
2025-01-23 02:34:27,547 [INFO] Shard ID 0 has successfully RESUMED session deddeccb0ec77c89b41497be6db3cd3e.
2025-01-23 04:56:27,794 [INFO] Shard ID 0 has successfully RESUMED session deddeccb0ec77c89b41497be6db3cd3e.
2025-01-23 07:11:46,954 [INFO] Shard ID 0 has successfully RESUMED session deddeccb0ec77c89b41497be6db3cd3e.
2025-01-23 09:07:03,441 [INFO] Shard ID 0 has successfully RESUMED session deddeccb0ec77c89b41497be6db3cd3e.
2025-01-23 11:31:29,721 [INFO] Shard ID 0 has successfully RESUMED session deddeccb0ec77c89b41497be6db3cd3e.
2025-01-23 13:15:03,689 [INFO] Shard ID 0 has successfully RESUMED session deddeccb0ec77c89b41497be6db3cd3e.
2025-01-23 14:45:03,381 [INFO] Message from korusumi: +rank
2025-01-23 15:12:36,249 [INFO] Message from ponk8575: +rank
2025-01-23 16:23:19,584 [INFO] Message from axon319: +record CHINA KICKOFF 6
2025-01-23 16:23:20,889 [INFO] File and list created: {'Command': 'record', 'League': 'CHINA', 'Type': 'KICKOFF', 'Day': 6}
2025-01-23 16:23:20,889 [INFO] Game 1
2025-01-23 16:23:24,995 [INFO] <:BLG:1134892105987276880> has count: 2
2025-01-23 16:23:25,189 [INFO] <:TRACE:1191928242890883143> has count: 37
2025-01-23 16:23:25,254 [INFO] Game is now closed
2025-01-23 16:23:25,255 [INFO] Game 2
2025-01-23 16:23:25,609 [INFO] <:DRG:1191928235966074890> has count: 4
2025-01-23 16:23:25,826 [INFO] <:EDG:1113552055173394503> has count: 35
2025-01-23 16:23:25,875 [INFO] Game is now closed
2025-01-23 16:24:33,439 [INFO] Message from axon319: +poll CHINA KICKOFF 7
2025-01-23 16:24:33,441 [INFO] Team 1: Bilibili Gaming, Team 2: Edward Gaming, Points: 1
2025-01-23 16:26:05,056 [INFO] Message from axon319: +rank CHINA
2025-01-23 16:26:09,038 [INFO] Message from axon319: +rank
2025-01-23 16:26:17,089 [INFO] Message from axon319: +leaderboard
2025-01-23 16:42:49,554 [INFO] Message from f1ash1: +rank
2025-01-23 16:48:35,534 [INFO] Shard ID 0 has successfully RESUMED session deddeccb0ec77c89b41497be6db3cd3e.
2025-01-23 16:49:43,502 [INFO] Message from urjokingright: +rank
2025-01-23 16:50:21,419 [INFO] Message from urjokingright: +rank china
2025-01-23 16:59:36,696 [INFO] Message from axon319: +record EMEA KICKOFF 3
2025-01-23 16:59:48,091 [INFO] File and list created: {'Command': 'record', 'League': 'EMEA', 'Type': 'KICKOFF', 'Day': 3}
2025-01-23 16:59:48,092 [INFO] Game 1
2025-01-23 16:59:48,636 [INFO] <:TH:1088622529322696814> has count: 27
2025-01-23 16:59:48,842 [INFO] <:BBL:1088622514676170865> has count: 9
2025-01-23 16:59:48,901 [INFO] Game is now closed
2025-01-23 16:59:48,901 [INFO] Game 2
2025-01-23 16:59:52,852 [INFO] <:FUT:1088622519185051718> has count: 9
2025-01-23 16:59:53,052 [INFO] <:VIT:1088622561245536266> has count: 26
2025-01-23 16:59:53,092 [INFO] Game is now closed
2025-01-23 16:59:53,092 [INFO] Game 3
2025-01-23 16:59:53,537 [INFO] <:GIANTX:1191930987190439996> has count: 0
2025-01-23 16:59:53,737 [INFO] <:KC:1088622522762797129> has count: 35
2025-01-23 16:59:53,783 [INFO] Game is now closed
2025-01-23 16:59:53,783 [INFO] Game 4
2025-01-23 16:59:54,146 [INFO] <:KOI:1088622524763480124> has count: 2
2025-01-23 16:59:58,096 [INFO] <:GENTLEMATES:1324137464784224317> has count: 33
2025-01-23 16:59:58,136 [INFO] Game is now closed
2025-01-23 16:59:58,136 [INFO] Game 5
2025-01-23 16:59:58,496 [INFO] <:NAVI:1088622528039235595> has count: 5
2025-01-23 16:59:58,735 [INFO] <:FNC:1088622517993873408> has count: 30
2025-01-23 16:59:58,780 [INFO] Game is now closed
2025-01-23 16:59:58,781 [INFO] Game 6
2025-01-23 16:59:59,145 [INFO] <:APEKS:1324127852291162163> has count: 15
2025-01-23 16:59:59,448 [INFO] <:LIQUID:1088622526214713445> has count: 20
2025-01-23 16:59:59,485 [INFO] Game is now closed
2025-01-23 17:16:39,769 [INFO] Shard ID 0 has successfully RESUMED session deddeccb0ec77c89b41497be6db3cd3e.
2025-01-23 18:15:40,841 [INFO] Message from joachjua: +rank
2025-01-23 18:16:27,764 [INFO] Message from joachjua: +rank Americas
2025-01-23 19:42:34,428 [INFO] Shard ID 0 has successfully RESUMED session deddeccb0ec77c89b41497be6db3cd3e.
2025-01-23 19:47:20,176 [INFO] Message from beast6217: +rank
2025-01-23 19:47:26,669 [INFO] Message from beast6217: +rank emea
2025-01-23 19:47:39,440 [INFO] Message from beast6217: +rank americas
2025-01-23 19:48:20,807 [INFO] Message from beast6217: +rank pacific
2025-01-23 19:48:40,839 [INFO] Message from beast6217: +rank china
2025-01-23 20:05:13,878 [INFO] Message from lyclipz: +rank china
2025-01-23 20:10:58,389 [INFO] Message from axon319: +leaderboard
2025-01-23 21:01:09,583 [INFO] Shard ID 0 has successfully RESUMED session deddeccb0ec77c89b41497be6db3cd3e.
2025-01-23 22:09:44,902 [INFO] Message from axon319: +record AMERICAS KICKOFF 3
2025-01-23 22:09:56,199 [INFO] File and list created: {'Command': 'record', 'League': 'AMERICAS', 'Type': 'KICKOFF', 'Day': 3}
2025-01-23 22:09:56,200 [INFO] Game 1
2025-01-23 22:09:56,628 [INFO] <:LOUD:1088622599979946044> has count: 4
2025-01-23 22:09:56,900 [INFO] <:AME_SEN:1038562021664370758> has count: 40
2025-01-23 22:09:56,960 [INFO] Game is now closed
2025-01-23 22:09:56,960 [INFO] Game 2
2025-01-23 22:10:00,942 [INFO] <:LEV:1088622597584990218> has count: 5
2025-01-23 22:10:01,133 [INFO] <:G2:1191932292059373668> has count: 40
2025-01-23 22:10:01,181 [INFO] Game is now closed
2025-01-23 22:10:01,181 [INFO] Game 3
2025-01-23 22:10:01,633 [INFO] <:EG:1088622591192870943> has count: 40
2025-01-23 22:10:01,896 [INFO] <:FURIA:1088622593386487858> has count: 4
2025-01-23 22:10:01,949 [INFO] Game is now closed
2025-01-23 22:10:01,949 [INFO] Game 4
2025-01-23 22:10:02,400 [INFO] <:MIBR:1088622601603141632> has count: 12
2025-01-23 22:10:06,147 [INFO] <:C9:1088622886165692457> has count: 31
2025-01-23 22:10:06,192 [INFO] Game is now closed
2025-01-23 22:10:06,192 [INFO] Game 5
2025-01-23 22:10:06,651 [INFO] <:NRG:1088622605373800589> has count: 18
2025-01-23 22:10:06,824 [INFO] <:AME_100T:1086908925472952462> has count: 26
2025-01-23 22:10:06,868 [INFO] Game is now closed
2025-01-23 22:10:06,868 [INFO] Game 6
2025-01-23 22:10:07,298 [INFO] <:2G:1324127850718040144> has count: 4
2025-01-23 22:10:07,563 [INFO] <:KRU:1088622595504619621> has count: 40
2025-01-23 22:10:07,608 [INFO] Game is now closed
2025-01-24 00:19:29,935 [INFO] Shard ID 0 has successfully RESUMED session deddeccb0ec77c89b41497be6db3cd3e.
2025-01-24 02:09:11,162 [INFO] Shard ID 0 has successfully RESUMED session deddeccb0ec77c89b41497be6db3cd3e.
2025-01-24 03:06:12,797 [INFO] Shard ID 0 has successfully RESUMED session deddeccb0ec77c89b41497be6db3cd3e.
2025-01-24 03:20:42,878 [INFO] Message from korusumi: +rank
2025-01-24 05:03:22,218 [INFO] Shard ID 0 has successfully RESUMED session deddeccb0ec77c89b41497be6db3cd3e.
2025-01-24 05:27:19,056 [INFO] Shard ID 0 has successfully RESUMED session deddeccb0ec77c89b41497be6db3cd3e.
2025-01-24 05:33:08,062 [INFO] Message from lyclipz: +rank
2025-01-24 06:53:51,793 [INFO] Shard ID 0 has successfully RESUMED session deddeccb0ec77c89b41497be6db3cd3e.
2025-01-24 08:53:57,205 [INFO] Shard ID 0 has successfully RESUMED session deddeccb0ec77c89b41497be6db3cd3e.
2025-01-24 11:28:19,470 [INFO] Shard ID 0 has successfully RESUMED session deddeccb0ec77c89b41497be6db3cd3e.
2025-01-24 14:08:05,463 [INFO] Shard ID 0 has successfully RESUMED session deddeccb0ec77c89b41497be6db3cd3e.
2025-01-24 14:35:38,696 [INFO] Shard ID 0 has successfully RESUMED session deddeccb0ec77c89b41497be6db3cd3e.
2025-01-24 16:13:59,707 [INFO] Message from axon319: +record CHINA KICKOFF 7
2025-01-24 16:14:00,368 [INFO] File and list created: {'Command': 'record', 'League': 'CHINA', 'Type': 'KICKOFF', 'Day': 7}
2025-01-24 16:14:00,368 [INFO] Game 1
2025-01-24 16:14:00,713 [INFO] <:BLG:1134892105987276880> has count: 5
2025-01-24 16:14:01,004 [INFO] <:EDG:1113552055173394503> has count: 30
2025-01-24 16:14:01,109 [INFO] Game is now closed
2025-01-24 16:14:41,368 [INFO] Message from axon319: +poll CHINA KICKOFF 8
2025-01-24 16:14:41,369 [INFO] Team 1: Trace Esports, Team 2: Edward Gaming, Points: 1
2025-01-24 16:15:33,924 [INFO] Message from paulwall918: +rank
2025-01-24 16:15:41,300 [INFO] Message from axon319: +rank CHINA
2025-01-24 16:15:51,085 [INFO] Message from paulwall918: +rank China
2025-01-24 16:16:16,932 [INFO] Message from tyottoyt: +rank
2025-01-24 16:16:39,483 [INFO] Message from lyclipz: +rank
2025-01-24 16:21:33,403 [INFO] Message from bdubsz: +rank
2025-01-24 16:43:31,101 [INFO] Shard ID 0 has successfully RESUMED session deddeccb0ec77c89b41497be6db3cd3e.
2025-01-24 17:29:38,321 [INFO] Shard ID 0 has successfully RESUMED session deddeccb0ec77c89b41497be6db3cd3e.
2025-01-24 17:41:35,695 [INFO] Message from el_bello: +rank
2025-01-24 17:50:08,813 [INFO] Shard ID 0 has successfully RESUMED session deddeccb0ec77c89b41497be6db3cd3e.
2025-01-24 17:57:42,157 [INFO] Message from huntice: +rank
2025-01-24 18:40:18,284 [INFO] Message from narranette: +rank
2025-01-24 19:05:59,998 [INFO] Shard ID 0 has successfully RESUMED session deddeccb0ec77c89b41497be6db3cd3e.
2025-01-24 21:01:53,599 [INFO] Shard ID 0 has successfully RESUMED session deddeccb0ec77c89b41497be6db3cd3e.
2025-01-24 23:47:50,194 [INFO] Message from axon319: +rank
2025-01-24 23:48:00,707 [INFO] Message from axon319: +leaderboard
2025-01-24 23:51:24,906 [INFO] Message from urjokingright: +rank
2025-01-25 00:04:49,361 [INFO] Message from tyottoyt: +rank
2025-01-25 00:05:57,466 [INFO] Message from tyottoyt: +rank china
2025-01-25 00:06:01,903 [INFO] Message from tyottoyt: +rank emea
2025-01-25 00:06:06,859 [INFO] Message from tyottoyt: +rank americas
2025-01-25 00:06:44,882 [INFO] Message from tyottoyt: +rank pacific
2025-01-25 00:14:38,804 [INFO] Shard ID 0 has successfully RESUMED session deddeccb0ec77c89b41497be6db3cd3e.
2025-01-25 01:09:35,843 [INFO] Message from urjokingright: +rank
2025-01-25 01:09:41,283 [INFO] Message from urjokingright: +rank china
2025-01-25 01:09:50,870 [INFO] Message from urjokingright: +rank pacific
2025-01-25 01:09:56,569 [INFO] Message from urjokingright: +rank emea
2025-01-25 01:10:03,355 [INFO] Message from urjokingright: +rank americas
2025-01-25 03:21:15,646 [INFO] Shard ID 0 has successfully RESUMED session deddeccb0ec77c89b41497be6db3cd3e.
2025-01-25 04:57:53,931 [INFO] Message from axon319: +rank
2025-01-25 06:01:22,015 [INFO] Shard ID 0 has successfully RESUMED session deddeccb0ec77c89b41497be6db3cd3e.
2025-01-25 08:13:49,008 [INFO] Shard ID 0 has successfully RESUMED session deddeccb0ec77c89b41497be6db3cd3e.
2025-01-25 11:03:25,990 [INFO] Shard ID 0 has successfully RESUMED session deddeccb0ec77c89b41497be6db3cd3e.
2025-01-25 11:40:02,872 [INFO] Shard ID 0 has successfully RESUMED session deddeccb0ec77c89b41497be6db3cd3e.
2025-01-25 12:31:19,642 [INFO] Message from redicendia: +rank
2025-01-25 12:44:11,074 [INFO] Shard ID 0 has successfully RESUMED session deddeccb0ec77c89b41497be6db3cd3e.
2025-01-25 15:11:26,583 [INFO] Message from huntice: +rank
2025-01-25 15:12:44,803 [INFO] Message from lyclipz: +rank
2025-01-25 15:19:04,147 [INFO] Message from urjokingright: +rank
2025-01-25 16:18:18,755 [INFO] Message from taameme: +rank
2025-01-25 16:34:06,521 [INFO] Shard ID 0 has successfully RESUMED session deddeccb0ec77c89b41497be6db3cd3e.
2025-01-25 16:38:20,626 [INFO] Message from narranette: +rank
2025-01-25 18:41:25,705 [INFO] Message from axon319: +record CHINA KICKOFF 8
2025-01-25 18:41:26,406 [INFO] File and list created: {'Command': 'record', 'League': 'CHINA', 'Type': 'KICKOFF', 'Day': 8}
2025-01-25 18:41:26,407 [INFO] Game 1
2025-01-25 18:41:26,779 [INFO] <:TRACE:1191928242890883143> has count: 12
2025-01-25 18:41:26,960 [INFO] <:EDG:1113552055173394503> has count: 26
2025-01-25 18:41:27,038 [INFO] Game is now closed
2025-01-25 18:48:42,243 [INFO] Message from korusumi: +rank
2025-01-25 18:56:32,403 [INFO] Message from urjokingright: +rank
2025-01-25 19:37:05,784 [INFO] Message from axon319: +poll PACIFIC KICKOFF 3
2025-01-25 19:37:05,786 [INFO] Team 1: T1, Team 2: Talon Esports, Points: 1
2025-01-25 19:37:05,786 [INFO] Team 1: Gen.G, Team 2: DRX, Points: 1
2025-01-25 19:37:05,786 [INFO] Team 1: BOOM Esports, Team 2: Nongshim RedForce, Points: 1
2025-01-25 19:37:05,786 [INFO] Team 1: Rex Regum Qeon, Team 2: Team Secret, Points: 1
2025-01-25 19:37:05,786 [INFO] Team 1: DetonatioN FocusMe, Team 2: Global Esports, Points: 1
2025-01-25 19:37:05,786 [INFO] Team 1: ZETA DIVISION, Team 2: Paper Rex, Points: 1
2025-01-25 19:44:29,937 [INFO] Message from axon319: +leaderboard
2025-01-25 19:44:34,150 [INFO] Message from axon319: +rank
2025-01-25 19:53:25,341 [INFO] Message from urjokingright: +rank
2025-01-25 19:55:02,800 [INFO] Message from f1ash1: +rank
2025-01-25 19:57:22,540 [INFO] Message from axon319: +leaderboard
2025-01-25 19:57:38,688 [INFO] Message from axon319: +leaderboard KICKOFF CHINA
2025-01-25 19:59:41,859 [INFO] Message from axon319: +leaderboard KICKOFF CHINA
2025-01-25 20:04:03,578 [INFO] Message from urjokingright: +rank
2025-01-25 20:11:04,639 [INFO] Shard ID 0 has successfully RESUMED session deddeccb0ec77c89b41497be6db3cd3e.
2025-01-26 00:03:19,492 [INFO] Shard ID 0 has successfully RESUMED session deddeccb0ec77c89b41497be6db3cd3e.
2025-01-26 02:00:10,201 [INFO] Shard ID 0 has successfully RESUMED session deddeccb0ec77c89b41497be6db3cd3e.
2025-01-26 04:24:21,713 [INFO] Shard ID 0 has successfully RESUMED session deddeccb0ec77c89b41497be6db3cd3e.
2025-01-26 06:05:29,713 [INFO] Shard ID 0 has successfully RESUMED session deddeccb0ec77c89b41497be6db3cd3e.
2025-01-26 09:27:00,076 [INFO] Shard ID 0 has successfully RESUMED session deddeccb0ec77c89b41497be6db3cd3e.
2025-01-26 13:17:24,850 [INFO] Shard ID 0 has successfully RESUMED session deddeccb0ec77c89b41497be6db3cd3e.
2025-01-26 16:50:02,643 [INFO] Shard ID 0 has successfully RESUMED session deddeccb0ec77c89b41497be6db3cd3e.
2025-01-26 17:07:06,477 [INFO] Message from axon319: +record PACIFIC KICKOFF 3
2025-01-26 17:07:17,939 [INFO] File and list created: {'Command': 'record', 'League': 'PACIFIC', 'Type': 'KICKOFF', 'Day': 3}
2025-01-26 17:07:17,940 [INFO] Game 1
2025-01-26 17:07:18,372 [INFO] <:T1:1088622656175226961> has count: 31
2025-01-26 17:07:18,538 [INFO] <:TALON:1088622659308355584> has count: 3
2025-01-26 17:07:18,739 [INFO] Game is now closed
2025-01-26 17:07:18,739 [INFO] Game 2
2025-01-26 17:07:22,707 [INFO] <:GENG:1088622646989705218> has count: 33
2025-01-26 17:07:22,962 [INFO] <:DRX:1088622644586348704> has count: 2
2025-01-26 17:07:23,229 [INFO] Game is now closed
2025-01-26 17:07:23,229 [INFO] Game 3
2025-01-26 17:07:23,571 [INFO] <:BOOM:1324128510297509948> has count: 2
2025-01-26 17:07:23,880 [INFO] <:NONGSHIMREDFORCE:1324128511744802836> has count: 32
2025-01-26 17:07:23,995 [INFO] Game is now closed
2025-01-26 17:07:23,995 [INFO] Game 4
2025-01-26 17:07:24,457 [INFO] <:RRQ:1088622651636977695> has count: 34
2025-01-26 17:07:27,942 [INFO] <:SECRET:1088622655097278464> has count: 1
2025-01-26 17:07:28,246 [INFO] Game is now closed
2025-01-26 17:07:28,275 [INFO] Game 5
2025-01-26 17:07:28,702 [INFO] <:DFM:1088622642241740850> has count: 8
2025-01-26 17:07:28,929 [INFO] <:GE:1088622645920137226> has count: 28
2025-01-26 17:07:29,066 [INFO] Game is now closed
2025-01-26 17:07:29,066 [INFO] Game 6
2025-01-26 17:07:29,530 [INFO] <:ZETA:1088622660319187015> has count: 1
2025-01-26 17:07:29,767 [INFO] <:PRX:1091440856898224198> has count: 37
2025-01-26 17:07:29,865 [INFO] Game is now closed
2025-01-26 17:33:13,391 [INFO] Shard ID 0 has successfully RESUMED session deddeccb0ec77c89b41497be6db3cd3e.
2025-01-26 18:16:24,638 [INFO] Shard ID 0 has successfully RESUMED session deddeccb0ec77c89b41497be6db3cd3e.
2025-01-26 19:51:38,763 [INFO] Shard ID 0 has successfully RESUMED session deddeccb0ec77c89b41497be6db3cd3e.
2025-01-26 23:35:56,539 [INFO] Shard ID 0 has successfully RESUMED session deddeccb0ec77c89b41497be6db3cd3e.
2025-01-27 00:23:41,761 [INFO] Shard ID 0 has successfully RESUMED session deddeccb0ec77c89b41497be6db3cd3e.
2025-01-27 02:20:48,820 [INFO] Shard ID 0 has successfully RESUMED session deddeccb0ec77c89b41497be6db3cd3e.
2025-01-27 03:50:22,599 [INFO] Message from narranette: +rank
2025-01-27 03:51:05,606 [INFO] Message from narranette: +rank pacific
2025-01-27 03:51:12,914 [INFO] Message from narranette: +rank china
2025-01-27 03:51:24,282 [INFO] Message from narranette: +rank emea
2025-01-27 03:52:28,855 [INFO] Message from urjokingright: +rank
2025-01-27 03:58:52,553 [INFO] Message from huntice: +rank pacific
2025-01-27 03:59:01,593 [INFO] Message from huntice: +rank china
2025-01-27 03:59:10,927 [INFO] Message from huntice: +rank emea
2025-01-27 03:59:25,673 [INFO] Message from huntice: +rank americas
2025-01-27 03:59:52,896 [INFO] Shard ID 0 has successfully RESUMED session deddeccb0ec77c89b41497be6db3cd3e.
2025-01-27 06:17:28,724 [INFO] Shard ID 0 has successfully RESUMED session deddeccb0ec77c89b41497be6db3cd3e.
2025-01-27 07:55:47,992 [INFO] Message from lyclipz: +rank pacific
2025-01-27 07:55:55,146 [INFO] Message from lyclipz: +rank americas
2025-01-27 07:55:59,218 [INFO] Message from lyclipz: +rank emea
2025-01-27 07:56:17,515 [INFO] Message from lyclipz: +rank china
2025-01-27 07:59:41,363 [INFO] Shard ID 0 has successfully RESUMED session deddeccb0ec77c89b41497be6db3cd3e.
2025-01-27 08:59:49,004 [INFO] Shard ID 0 has successfully RESUMED session deddeccb0ec77c89b41497be6db3cd3e.
2025-01-27 10:16:42,492 [INFO] Shard ID 0 has successfully RESUMED session deddeccb0ec77c89b41497be6db3cd3e.
2025-01-27 10:29:06,372 [INFO] Message from korusumi: +rank
2025-01-27 12:37:33,202 [INFO] Shard ID 0 has successfully RESUMED session deddeccb0ec77c89b41497be6db3cd3e.
2025-01-27 13:18:16,100 [INFO] Message from el_bello: +rank
2025-01-27 14:09:29,547 [INFO] Message from 8bitducky: +rank
2025-01-27 14:25:55,044 [INFO] Shard ID 0 has successfully RESUMED session deddeccb0ec77c89b41497be6db3cd3e.
2025-01-27 15:01:53,553 [INFO] Message from kayfourfour: +rank
2025-01-27 17:05:22,360 [INFO] Shard ID 0 has successfully RESUMED session deddeccb0ec77c89b41497be6db3cd3e.
2025-01-27 18:25:01,463 [INFO] Message from axon319: +poll PACIFIC KICKOFF 1
2025-01-27 18:25:01,472 [INFO] Team 1: T1, Team 2: BOOM Esports, Points: 1
2025-01-27 18:25:01,472 [INFO] Team 1: Global Esports, Team 2: Team Secret, Points: 1
2025-01-27 18:25:01,472 [INFO] Team 1: DetonatioN FocusMe, Team 2: Rex Regum Qeon, Points: 1
2025-01-27 18:25:01,472 [INFO] Team 1: ZETA DIVISION, Team 2: Nongshim RedForce, Points: 1
2025-01-27 18:25:36,680 [INFO] Message from axon319: +rank PACIFIC
2025-01-27 18:25:39,840 [INFO] Message from axon319: +rank KICKOFF
2025-01-27 20:56:58,459 [INFO] Shard ID 0 has successfully RESUMED session deddeccb0ec77c89b41497be6db3cd3e.
2025-01-27 22:24:13,543 [INFO] Message from f1ash1: +rank
2025-01-27 23:30:06,651 [INFO] Shard ID 0 has successfully RESUMED session deddeccb0ec77c89b41497be6db3cd3e.
2025-01-27 23:44:41,782 [INFO] Shard ID 0 has successfully RESUMED session deddeccb0ec77c89b41497be6db3cd3e.
2025-01-28 00:09:22,949 [INFO] Shard ID 0 has successfully RESUMED session deddeccb0ec77c89b41497be6db3cd3e.
2025-01-28 02:00:09,276 [INFO] Shard ID 0 has successfully RESUMED session deddeccb0ec77c89b41497be6db3cd3e.
2025-01-28 05:10:34,399 [INFO] Shard ID 0 has successfully RESUMED session deddeccb0ec77c89b41497be6db3cd3e.
2025-01-28 07:43:36,016 [INFO] Shard ID 0 has successfully RESUMED session deddeccb0ec77c89b41497be6db3cd3e.
2025-01-28 07:59:02,093 [INFO] Shard ID 0 has successfully RESUMED session deddeccb0ec77c89b41497be6db3cd3e.
2025-01-28 10:04:09,261 [INFO] Shard ID 0 has successfully RESUMED session deddeccb0ec77c89b41497be6db3cd3e.
2025-01-28 11:00:30,920 [INFO] Shard ID 0 has successfully RESUMED session deddeccb0ec77c89b41497be6db3cd3e.
2025-01-28 12:57:14,035 [INFO] Shard ID 0 has successfully RESUMED session deddeccb0ec77c89b41497be6db3cd3e.
2025-01-28 13:40:26,268 [INFO] Shard ID 0 has successfully RESUMED session deddeccb0ec77c89b41497be6db3cd3e.
2025-01-28 16:17:34,630 [INFO] Shard ID 0 has successfully RESUMED session deddeccb0ec77c89b41497be6db3cd3e.
2025-01-28 16:55:05,865 [INFO] Shard ID 0 has successfully RESUMED session deddeccb0ec77c89b41497be6db3cd3e.
2025-01-28 17:54:44,067 [INFO] Shard ID 0 has successfully RESUMED session deddeccb0ec77c89b41497be6db3cd3e.
2025-01-28 18:15:49,034 [INFO] Shard ID 0 has successfully RESUMED session deddeccb0ec77c89b41497be6db3cd3e.
2025-01-28 21:20:44,883 [INFO] Shard ID 0 has successfully RESUMED session deddeccb0ec77c89b41497be6db3cd3e.
2025-01-28 21:44:32,447 [INFO] Shard ID 0 has successfully RESUMED session deddeccb0ec77c89b41497be6db3cd3e.
2025-01-28 22:12:39,372 [INFO] Shard ID 0 has successfully RESUMED session deddeccb0ec77c89b41497be6db3cd3e.
2025-01-29 01:22:18,813 [INFO] Shard ID 0 has successfully RESUMED session deddeccb0ec77c89b41497be6db3cd3e.
2025-01-29 02:03:17,496 [INFO] Shard ID 0 has successfully RESUMED session deddeccb0ec77c89b41497be6db3cd3e.
2025-01-29 02:04:20,066 [INFO] Shard ID 0 has successfully RESUMED session deddeccb0ec77c89b41497be6db3cd3e.
2025-01-29 02:04:42,757 [INFO] Shard ID 0 has successfully RESUMED session deddeccb0ec77c89b41497be6db3cd3e.
2025-01-29 02:05:06,864 [INFO] Shard ID 0 has successfully RESUMED session deddeccb0ec77c89b41497be6db3cd3e.
2025-01-29 02:39:27,509 [INFO] Shard ID 0 has successfully RESUMED session deddeccb0ec77c89b41497be6db3cd3e.
2025-01-29 06:27:54,812 [INFO] Shard ID 0 has successfully RESUMED session deddeccb0ec77c89b41497be6db3cd3e.
2025-01-29 07:15:58,633 [INFO] Shard ID 0 has successfully RESUMED session deddeccb0ec77c89b41497be6db3cd3e.
2025-01-29 09:54:55,635 [INFO] Shard ID 0 has successfully RESUMED session deddeccb0ec77c89b41497be6db3cd3e.
2025-01-29 13:20:51,260 [INFO] Shard ID 0 has successfully RESUMED session deddeccb0ec77c89b41497be6db3cd3e.
2025-01-29 13:40:19,578 [INFO] Shard ID 0 has successfully RESUMED session deddeccb0ec77c89b41497be6db3cd3e.
2025-01-29 13:48:46,148 [INFO] Shard ID 0 has successfully RESUMED session deddeccb0ec77c89b41497be6db3cd3e.
2025-01-29 14:47:38,284 [INFO] Shard ID 0 has successfully RESUMED session deddeccb0ec77c89b41497be6db3cd3e.
2025-01-29 15:38:20,863 [INFO] Shard ID 0 has successfully RESUMED session deddeccb0ec77c89b41497be6db3cd3e.
2025-01-29 15:45:08,944 [INFO] Shard ID 0 has successfully RESUMED session deddeccb0ec77c89b41497be6db3cd3e.
2025-01-29 15:51:28,598 [INFO] Shard ID 0 has successfully RESUMED session deddeccb0ec77c89b41497be6db3cd3e.
2025-01-29 16:49:07,428 [INFO] Shard ID 0 has successfully RESUMED session deddeccb0ec77c89b41497be6db3cd3e.
2025-01-29 17:08:18,270 [INFO] Shard ID 0 has successfully RESUMED session deddeccb0ec77c89b41497be6db3cd3e.
2025-01-29 17:36:06,132 [INFO] Shard ID 0 has successfully RESUMED session deddeccb0ec77c89b41497be6db3cd3e.
2025-01-29 17:43:59,994 [INFO] Shard ID 0 has successfully RESUMED session deddeccb0ec77c89b41497be6db3cd3e.
2025-01-29 18:59:55,126 [INFO] Shard ID 0 has successfully RESUMED session deddeccb0ec77c89b41497be6db3cd3e.
2025-01-29 19:04:30,187 [INFO] Message from axon319: +poll EMEA KICKOFF 4
2025-01-29 19:04:30,197 [INFO] Team 1: GIANTX, Team 2: Team Liquid, Points: 1
2025-01-29 19:04:30,197 [INFO] Team 1: Gentle Mates, Team 2: Fnatic, Points: 1
2025-01-29 19:40:35,851 [INFO] Message from tyottoyt: +rank
2025-01-29 20:56:35,023 [INFO] Shard ID 0 has successfully RESUMED session deddeccb0ec77c89b41497be6db3cd3e.
2025-01-29 21:20:45,279 [INFO] Message from bdubsz: +rank
2025-01-29 22:57:04,112 [INFO] Shard ID 0 has successfully RESUMED session deddeccb0ec77c89b41497be6db3cd3e.
2025-01-29 22:59:29,743 [INFO] Message from narranette: +rank
2025-01-30 00:05:12,765 [INFO] Shard ID 0 has successfully RESUMED session deddeccb0ec77c89b41497be6db3cd3e.
2025-01-30 00:14:13,282 [INFO] Shard ID 0 has successfully RESUMED session deddeccb0ec77c89b41497be6db3cd3e.
2025-01-30 00:59:21,574 [INFO] Shard ID 0 has successfully RESUMED session deddeccb0ec77c89b41497be6db3cd3e.
2025-01-30 02:44:55,872 [INFO] Shard ID 0 has successfully RESUMED session deddeccb0ec77c89b41497be6db3cd3e.
2025-01-30 04:52:32,339 [INFO] Shard ID 0 has successfully RESUMED session deddeccb0ec77c89b41497be6db3cd3e.
2025-01-30 06:14:10,705 [INFO] Shard ID 0 has successfully RESUMED session deddeccb0ec77c89b41497be6db3cd3e.
2025-01-30 07:30:35,576 [INFO] Shard ID 0 has successfully RESUMED session deddeccb0ec77c89b41497be6db3cd3e.
2025-01-30 10:08:53,094 [INFO] Shard ID 0 has successfully RESUMED session deddeccb0ec77c89b41497be6db3cd3e.
2025-01-30 11:22:41,388 [INFO] Shard ID 0 has successfully RESUMED session deddeccb0ec77c89b41497be6db3cd3e.
2025-01-30 12:31:58,499 [INFO] Shard ID 0 has successfully RESUMED session deddeccb0ec77c89b41497be6db3cd3e.
2025-01-30 14:42:59,035 [INFO] Shard ID 0 has successfully RESUMED session deddeccb0ec77c89b41497be6db3cd3e.
2025-01-30 16:22:13,979 [INFO] Shard ID 0 has successfully RESUMED session deddeccb0ec77c89b41497be6db3cd3e.
2025-01-30 17:18:06,998 [INFO] Message from axon319: +record EMEA KICKOFF 4
2025-01-30 17:18:08,448 [INFO] File and list created: {'Command': 'record', 'League': 'EMEA', 'Type': 'KICKOFF', 'Day': 4}
2025-01-30 17:18:08,448 [INFO] Game 1
2025-01-30 17:18:12,595 [INFO] <:GIANTX:1191930987190439996> has count: 29
2025-01-30 17:18:12,766 [INFO] <:LIQUID:1088622526214713445> has count: 8
2025-01-30 17:18:13,073 [INFO] Game is now closed
2025-01-30 17:18:13,073 [INFO] Game 2
2025-01-30 17:18:13,471 [INFO] <:GENTLEMATES:1324137464784224317> has count: 5
2025-01-30 17:18:13,639 [INFO] <:FNC:1088622517993873408> has count: 32
2025-01-30 17:18:16,137 [INFO] Game is now closed
2025-01-30 17:45:16,933 [INFO] Shard ID 0 has successfully RESUMED session deddeccb0ec77c89b41497be6db3cd3e.
2025-01-30 18:42:36,491 [INFO] Shard ID 0 has successfully RESUMED session deddeccb0ec77c89b41497be6db3cd3e.
2025-01-30 18:54:26,846 [INFO] Message from urjokingright: +rank
2025-01-30 18:57:08,646 [INFO] Shard ID 0 has successfully RESUMED session deddeccb0ec77c89b41497be6db3cd3e.
2025-01-30 19:19:40,017 [INFO] Shard ID 0 has successfully RESUMED session deddeccb0ec77c89b41497be6db3cd3e.
2025-01-30 19:29:33,568 [INFO] Shard ID 0 has successfully RESUMED session deddeccb0ec77c89b41497be6db3cd3e.
2025-01-30 20:01:11,058 [INFO] Message from korusumi: +rank
2025-01-30 20:46:19,981 [INFO] Message from axon319: +poll EMEA KICKOFF 5
2025-01-30 20:46:19,989 [INFO] Team 1: Team Liquid, Team 2: BBL Esports, Points: 1
2025-01-30 20:46:19,990 [INFO] Team 1: Fnatic, Team 2: FUT Esports, Points: 1
2025-01-30 20:47:11,375 [INFO] Message from tyottoyt: +rank
2025-01-30 20:48:02,097 [INFO] Message from lyclipz: +rank
2025-01-30 23:02:04,181 [INFO] Shard ID 0 has successfully RESUMED session deddeccb0ec77c89b41497be6db3cd3e.
2025-01-31 01:13:31,922 [INFO] Shard ID 0 has successfully RESUMED session deddeccb0ec77c89b41497be6db3cd3e.
2025-01-31 04:05:06,125 [INFO] Shard ID 0 has successfully RESUMED session deddeccb0ec77c89b41497be6db3cd3e.
2025-01-31 05:31:26,377 [INFO] Message from axon319: +record PACIFIC KICKOFF 3
2025-01-31 05:31:37,630 [INFO] File and list created: {'Command': 'record', 'League': 'PACIFIC', 'Type': 'KICKOFF', 'Day': 3}
2025-01-31 05:31:37,630 [INFO] Game 1
2025-01-31 05:31:38,027 [INFO] <:T1:1088622656175226961> has count: 33
2025-01-31 05:31:38,212 [INFO] <:TALON:1088622659308355584> has count: 3
2025-01-31 05:31:38,430 [INFO] Game is now closed
2025-01-31 05:31:38,430 [INFO] Game 2
2025-01-31 05:31:42,474 [INFO] <:GENG:1088622646989705218> has count: 35
2025-01-31 05:31:42,662 [INFO] <:DRX:1088622644586348704> has count: 2
2025-01-31 05:31:42,717 [INFO] Game is now closed
2025-01-31 05:31:42,717 [INFO] Game 3
2025-01-31 05:31:43,168 [INFO] <:BOOM:1324128510297509948> has count: 2
2025-01-31 05:31:43,391 [INFO] <:NONGSHIMREDFORCE:1324128511744802836> has count: 34
2025-01-31 05:31:43,455 [INFO] Game is now closed
2025-01-31 05:31:43,455 [INFO] Game 4
2025-01-31 05:31:43,911 [INFO] <:RRQ:1088622651636977695> has count: 36
2025-01-31 05:31:47,655 [INFO] <:SECRET:1088622655097278464> has count: 1
2025-01-31 05:31:47,703 [INFO] Game is now closed
2025-01-31 05:31:47,703 [INFO] Game 5
2025-01-31 05:31:48,130 [INFO] <:DFM:1088622642241740850> has count: 9
2025-01-31 05:31:48,423 [INFO] <:GE:1088622645920137226> has count: 29
2025-01-31 05:31:48,477 [INFO] Game is now closed
2025-01-31 05:31:48,477 [INFO] Game 6
2025-01-31 05:31:48,839 [INFO] <:ZETA:1088622660319187015> has count: 1
2025-01-31 05:31:49,097 [INFO] <:PRX:1091440856898224198> has count: 39
2025-01-31 05:31:49,156 [INFO] Game is now closed
2025-01-31 07:11:21,984 [INFO] Shard ID 0 has successfully RESUMED session deddeccb0ec77c89b41497be6db3cd3e.
2025-01-31 07:47:07,517 [INFO] Shard ID 0 has successfully RESUMED session deddeccb0ec77c89b41497be6db3cd3e.
2025-01-31 09:51:38,059 [INFO] Shard ID 0 has successfully RESUMED session deddeccb0ec77c89b41497be6db3cd3e.
2025-01-31 10:39:35,606 [INFO] Shard ID 0 has successfully RESUMED session deddeccb0ec77c89b41497be6db3cd3e.
2025-01-31 10:55:44,610 [INFO] Shard ID 0 has successfully RESUMED session deddeccb0ec77c89b41497be6db3cd3e.
2025-01-31 13:43:38,968 [INFO] Shard ID 0 has successfully RESUMED session deddeccb0ec77c89b41497be6db3cd3e.
2025-01-31 14:14:26,455 [INFO] Message from axon319: +poll PACIFIC KICKOFF 4
2025-01-31 14:14:26,458 [INFO] Team 1: Nongshim RedForce, Team 2: Rex Regum Qeon, Points: 1
2025-01-31 14:14:26,459 [INFO] Team 1: DetonatioN FocusMe, Team 2: Paper Rex, Points: 1
2025-01-31 14:22:14,791 [INFO] Message from axon319: +poll PACIFIC KICKOFF 4
2025-01-31 14:22:14,794 [INFO] Team 1: Nongshim RedForce, Team 2: Rex Regum Qeon, Points: 1
2025-01-31 14:22:14,794 [INFO] Team 1: DetonatioN FocusMe, Team 2: Paper Rex, Points: 1
2025-01-31 15:34:24,605 [INFO] Shard ID 0 has successfully RESUMED session deddeccb0ec77c89b41497be6db3cd3e.
2025-01-31 15:38:24,998 [INFO] Message from axon319: +leaderboard
2025-01-31 15:38:33,752 [INFO] Message from axon319: +rank
2025-01-31 15:51:27,137 [INFO] Message from axon319: +help
2025-01-31 15:51:50,163 [INFO] Message from axon319: +help
2025-01-31 15:55:49,903 [INFO] Message from axon319: +help
2025-01-31 16:03:47,507 [INFO] Message from axon319: +help
2025-01-31 16:16:15,416 [INFO] Message from axon319: +rank Pacific
2025-01-31 16:29:21,807 [INFO] Shard ID 0 has successfully RESUMED session deddeccb0ec77c89b41497be6db3cd3e.
2025-01-31 16:52:45,218 [INFO] Message from urjokingright: +rank pacific
2025-01-31 16:52:50,767 [INFO] Message from urjokingright: +rank emea
2025-01-31 16:52:56,870 [INFO] Message from urjokingright: +rank americas
2025-01-31 17:24:25,291 [INFO] Message from axon319: +record EMEA KICKOFF 5
2025-01-31 17:24:26,630 [INFO] File and list created: {'Command': 'record', 'League': 'EMEA', 'Type': 'KICKOFF', 'Day': 5}
2025-01-31 17:24:26,631 [INFO] Game 1
2025-01-31 17:24:30,762 [INFO] <:LIQUID:1088622526214713445> has count: 4
2025-01-31 17:24:31,021 [INFO] <:BBL:1088622514676170865> has count: 32
2025-01-31 17:24:31,143 [INFO] Game is now closed
2025-01-31 17:24:31,143 [INFO] Game 2
2025-01-31 17:24:31,607 [INFO] <:FNC:1088622517993873408> has count: 31
2025-01-31 17:24:31,838 [INFO] <:FUT:1088622519185051718> has count: 5
2025-01-31 17:24:31,886 [INFO] Game is now closed
2025-01-31 17:42:10,769 [INFO] Message from anshypanshy: +rank
2025-01-31 18:22:42,181 [INFO] Message from tilly_7: +rank
2025-01-31 18:50:58,589 [INFO] Message from korusumi: +rank
2025-01-31 18:51:13,017 [INFO] Message from tyottoyt: +rank
2025-01-31 20:09:11,527 [INFO] Shard ID 0 has successfully RESUMED session deddeccb0ec77c89b41497be6db3cd3e.
2025-01-31 21:25:45,529 [INFO] Shard ID 0 has successfully RESUMED session deddeccb0ec77c89b41497be6db3cd3e.
2025-01-31 22:09:14,022 [INFO] Message from axon319: +record AMERICAS KICKOFF 3
2025-01-31 22:09:25,355 [INFO] File and list created: {'Command': 'record', 'League': 'AMERICAS', 'Type': 'KICKOFF', 'Day': 3}
2025-01-31 22:09:25,355 [INFO] Game 1
2025-01-31 22:09:25,763 [INFO] <:LOUD:1088622599979946044> has count: 4
2025-01-31 22:09:25,947 [INFO] <:AME_SEN:1038562021664370758> has count: 41
2025-01-31 22:09:26,040 [INFO] Game is now closed
2025-01-31 22:09:26,041 [INFO] Game 2
2025-01-31 22:09:30,152 [INFO] <:LEV:1088622597584990218> has count: 6
2025-01-31 22:09:30,335 [INFO] <:G2:1191932292059373668> has count: 40
2025-01-31 22:09:30,481 [INFO] Game is now closed
2025-01-31 22:09:30,481 [INFO] Game 3
2025-01-31 22:09:30,954 [INFO] <:EG:1088622591192870943> has count: 41
2025-01-31 22:09:31,142 [INFO] <:FURIA:1088622593386487858> has count: 4
2025-01-31 22:09:31,203 [INFO] Game is now closed
2025-01-31 22:09:31,203 [INFO] Game 4
2025-01-31 22:09:31,583 [INFO] <:MIBR:1088622601603141632> has count: 13
2025-01-31 22:09:35,348 [INFO] <:C9:1088622886165692457> has count: 31
2025-01-31 22:09:35,399 [INFO] Game is now closed
2025-01-31 22:09:35,400 [INFO] Game 5
2025-01-31 22:09:35,851 [INFO] <:NRG:1088622605373800589> has count: 18
2025-01-31 22:09:36,031 [INFO] <:AME_100T:1086908925472952462> has count: 27
2025-01-31 22:09:36,100 [INFO] Game is now closed
2025-01-31 22:09:36,101 [INFO] Game 6
2025-01-31 22:09:36,501 [INFO] <:2G:1324127850718040144> has count: 5
2025-01-31 22:09:36,692 [INFO] <:KRU:1088622595504619621> has count: 40
2025-01-31 22:09:36,750 [INFO] Game is now closed
2025-01-31 22:17:44,519 [INFO] Message from axon319: +poll EMEA KICKOFF 6
2025-01-31 22:17:44,523 [INFO] Team 1: Team Heretics, Team 2: Team Vitality, Points: 1
2025-01-31 22:17:44,524 [INFO] Team 1: Team Liquid, Team 2: FUT Esports, Points: 1
2025-01-31 22:17:44,525 [WARNING] Issue with row 3 in Games/2025/EMEA/KICKOFF/DAY6.csv. Skipping due to incomplete data.
2025-01-31 22:18:32,716 [INFO] Message from axon319: +poll AMERICAS KICKOFF 4
2025-01-31 22:18:32,719 [INFO] Team 1: Evil Geniuses, Team 2: MIBR, Points: 1
2025-01-31 22:18:32,719 [INFO] Team 1: NRG, Team 2: KRU Esports, Points: 1
2025-01-31 22:19:02,759 [INFO] Message from korusumi: +rank
2025-01-31 22:24:16,860 [INFO] Message from turtlepita: +rank
2025-02-01 00:31:51,550 [INFO] Shard ID 0 has successfully RESUMED session deddeccb0ec77c89b41497be6db3cd3e.
2025-02-01 01:20:40,504 [INFO] Message from axon319: +leaderboard
2025-02-01 01:36:41,814 [INFO] Message from urjokingright: +rank
2025-02-01 01:57:21,513 [INFO] Message from axon319: +rank
2025-02-01 04:02:12,309 [INFO] Message from narranette: +rank
2025-02-01 04:05:01,786 [INFO] Shard ID 0 has successfully RESUMED session deddeccb0ec77c89b41497be6db3cd3e.
2025-02-01 04:26:18,617 [INFO] Shard ID 0 has successfully RESUMED session deddeccb0ec77c89b41497be6db3cd3e.
2025-02-01 05:29:39,997 [INFO] Message from willyy871: +rank
2025-02-01 07:08:42,544 [INFO] Message from el_bello: +rank
2025-02-01 07:49:52,647 [INFO] Shard ID 0 has successfully RESUMED session deddeccb0ec77c89b41497be6db3cd3e.
2025-02-01 08:40:00,508 [INFO] Message from axon319: +record PACIFIC KICKOFF 4
2025-02-01 08:40:01,773 [INFO] File and list created: {'Command': 'record', 'League': 'PACIFIC', 'Type': 'KICKOFF', 'Day': 4}
2025-02-01 08:40:01,773 [INFO] Game 1
2025-02-01 08:40:05,954 [INFO] <:NONGSHIMREDFORCE:1324128511744802836> has count: 13
2025-02-01 08:40:06,149 [INFO] <:RRQ:1088622651636977695> has count: 23
2025-02-01 08:40:06,256 [INFO] Game is now closed
2025-02-01 08:40:06,256 [INFO] Game 2
2025-02-01 08:40:06,654 [INFO] <:DFM:1088622642241740850> has count: 3
2025-02-01 08:40:06,878 [INFO] <:PRX:1091440856898224198> has count: 34
2025-02-01 08:40:06,925 [INFO] Game is now closed
2025-02-01 09:00:28,054 [INFO] Message from urjokingright: +rank
2025-02-01 09:16:11,538 [INFO] Message from huntice: +rank Americas
2025-02-01 09:42:10,046 [INFO] Shard ID 0 has successfully RESUMED session deddeccb0ec77c89b41497be6db3cd3e.
2025-02-01 13:38:40,515 [INFO] Shard ID 0 has successfully RESUMED session deddeccb0ec77c89b41497be6db3cd3e.
2025-02-01 14:36:13,048 [INFO] Shard ID 0 has successfully RESUMED session deddeccb0ec77c89b41497be6db3cd3e.
2025-02-01 15:17:24,661 [INFO] Message from kayfourfour: +rank
2025-02-01 17:21:56,962 [INFO] Shard ID 0 has successfully RESUMED session deddeccb0ec77c89b41497be6db3cd3e.
2025-02-01 18:21:22,278 [INFO] Message from axon319: +poll PACIFIC KICKOFF 5
2025-02-01 18:21:22,282 [INFO] Team 1: Talon Esports, Team 2: Nongshim RedForce, Points: 1
2025-02-01 18:21:22,282 [INFO] Team 1: Gen.G, Team 2: DetonatioN FocusMe, Points: 1
2025-02-01 18:22:17,942 [INFO] Message from axon319: +rank PACIFIC
2025-02-01 18:22:23,576 [INFO] Message from axon319: +rank
2025-02-01 18:22:28,468 [INFO] Message from axon319: +leaderboard
2025-02-01 18:30:20,812 [INFO] Message from bdubsz: +rank
2025-02-01 18:56:42,408 [INFO] Shard ID 0 has successfully RESUMED session deddeccb0ec77c89b41497be6db3cd3e.
2025-02-01 19:41:31,856 [INFO] Shard ID 0 has successfully RESUMED session deddeccb0ec77c89b41497be6db3cd3e.
2025-02-01 20:43:22,989 [INFO] Shard ID 0 has successfully RESUMED session deddeccb0ec77c89b41497be6db3cd3e.
2025-02-01 21:41:31,492 [INFO] Shard ID 0 has successfully RESUMED session deddeccb0ec77c89b41497be6db3cd3e.
2025-02-01 22:57:32,947 [INFO] Shard ID 0 has successfully RESUMED session deddeccb0ec77c89b41497be6db3cd3e.
2025-02-01 23:44:21,758 [INFO] Shard ID 0 has successfully RESUMED session deddeccb0ec77c89b41497be6db3cd3e.
2025-02-02 00:00:19,062 [INFO] Message from axon319: +record AMERICAS KICKOFF 4
2025-02-02 00:00:20,298 [INFO] File and list created: {'Command': 'record', 'League': 'AMERICAS', 'Type': 'KICKOFF', 'Day': 4}
2025-02-02 00:00:20,298 [INFO] Game 1
2025-02-02 00:00:24,545 [INFO] <:EG:1088622591192870943> has count: 20
2025-02-02 00:00:24,738 [INFO] <:MIBR:1088622601603141632> has count: 21
2025-02-02 00:00:24,832 [INFO] Game is now closed
2025-02-02 00:00:24,832 [INFO] Game 2
2025-02-02 00:00:25,264 [INFO] <:NRG:1088622605373800589> has count: 38
2025-02-02 00:00:25,475 [INFO] <:KRU:1088622595504619621> has count: 3
2025-02-02 00:00:25,519 [INFO] Game is now closed
2025-02-02 02:54:07,292 [INFO] Shard ID 0 has successfully RESUMED session deddeccb0ec77c89b41497be6db3cd3e.
2025-02-02 03:34:01,637 [INFO] Message from axon319: +poll AMERICAS KICKOFF 5
2025-02-02 03:34:01,640 [INFO] Team 1: Leviatan, Team 2: MIBR, Points: 1
2025-02-02 03:34:01,640 [INFO] Team 1: LOUD, Team 2: KRU Esports, Points: 1
2025-02-02 03:35:43,639 [INFO] Message from joachjua: +rank Americas
2025-02-02 03:46:20,275 [INFO] Message from f1ash1: +rank all
2025-02-02 04:12:31,790 [INFO] Message from anshypanshy: +rank all
2025-02-02 04:40:43,186 [INFO] Message from narranette: +rank
2025-02-02 05:00:51,160 [INFO] Shard ID 0 has successfully RESUMED session deddeccb0ec77c89b41497be6db3cd3e.
2025-02-02 07:38:06,238 [INFO] Shard ID 0 has successfully RESUMED session deddeccb0ec77c89b41497be6db3cd3e.
2025-02-02 08:49:22,671 [INFO] Shard ID 0 has successfully RESUMED session deddeccb0ec77c89b41497be6db3cd3e.
2025-02-02 10:16:51,523 [INFO] Shard ID 0 has successfully RESUMED session deddeccb0ec77c89b41497be6db3cd3e.
2025-02-02 11:50:35,402 [INFO] Shard ID 0 has successfully RESUMED session deddeccb0ec77c89b41497be6db3cd3e.
2025-02-02 12:31:16,003 [INFO] Shard ID 0 has successfully RESUMED session deddeccb0ec77c89b41497be6db3cd3e.
2025-02-02 14:52:57,570 [INFO] Message from lyclipz: +rank americas
2025-02-02 15:15:40,707 [INFO] Shard ID 0 has successfully RESUMED session deddeccb0ec77c89b41497be6db3cd3e.
2025-02-02 16:14:50,379 [INFO] Shard ID 0 has successfully RESUMED session deddeccb0ec77c89b41497be6db3cd3e.
2025-02-02 16:34:42,660 [INFO] Message from axon319: +record PACIFIC KICKOFF 5
2025-02-02 16:34:43,893 [INFO] File and list created: {'Command': 'record', 'League': 'PACIFIC', 'Type': 'KICKOFF', 'Day': 5}
2025-02-02 16:34:43,893 [INFO] Game 1
2025-02-02 16:34:48,111 [INFO] <:TALON:1088622659308355584> has count: 10
2025-02-02 16:34:48,290 [INFO] <:NONGSHIMREDFORCE:1324128511744802836> has count: 25
2025-02-02 16:34:48,362 [INFO] Game is now closed
2025-02-02 16:34:48,362 [INFO] Game 2
2025-02-02 16:34:48,880 [INFO] <:GENG:1088622646989705218> has count: 27
2025-02-02 16:34:49,070 [INFO] <:DFM:1088622642241740850> has count: 8
2025-02-02 16:34:49,113 [INFO] Game is now closed
2025-02-02 16:43:52,144 [INFO] Message from axon319: +poll PACIFIC KICKOFF 6
2025-02-02 16:43:52,152 [INFO] Team 1: T1, Team 2: DRX, Points: 1
2025-02-02 16:43:52,153 [INFO] Team 1: Talon Esports, Team 2: Gen.G, Points: 1
2025-02-02 16:54:50,324 [INFO] Message from axon319: +leaderboard
2025-02-02 16:55:18,979 [INFO] Message from axon319: +rank PACIFIC
2025-02-02 16:55:24,889 [INFO] Message from axon319: +rank AMERICAS
2025-02-02 16:55:30,870 [INFO] Message from axon319: +rank EMEA
2025-02-02 16:55:35,917 [INFO] Message from axon319: +rank CHINA
2025-02-02 16:56:08,551 [INFO] Message from narranette: +rank pacific
2025-02-02 16:56:18,856 [INFO] Message from narranette: +rank emea
2025-02-02 16:56:26,825 [INFO] Message from narranette: +rank americas
2025-02-02 16:59:07,681 [INFO] Message from korusumi: +rank CHINA
2025-02-02 16:59:16,302 [INFO] Message from korusumi: +rank americas
2025-02-02 16:59:25,674 [INFO] Message from korusumi: +rank pacific
2025-02-02 16:59:32,450 [INFO] Message from korusumi: +rank emea
2025-02-02 18:08:17,701 [INFO] Message from 8bitducky: +rank
2025-02-02 18:52:49,271 [INFO] Message from urjokingright: +rank
2025-02-02 19:03:34,947 [INFO] Shard ID 0 has successfully RESUMED session deddeccb0ec77c89b41497be6db3cd3e.
2025-02-02 21:17:09,402 [INFO] Message from kayfourfour: +rank
2025-02-02 21:20:18,326 [INFO] Message from kayfourfour: +rank  pacific
2025-02-02 21:21:15,816 [INFO] Message from huntice: +rank EMEA
2025-02-02 21:21:27,572 [INFO] Message from huntice: +rank pacific
2025-02-02 21:21:38,392 [INFO] Message from huntice: +rank Americas
2025-02-02 22:13:04,535 [INFO] Message from axon319: +record AMERICAS KICKOFF 5
2025-02-02 22:13:05,880 [INFO] File and list created: {'Command': 'record', 'League': 'AMERICAS', 'Type': 'KICKOFF', 'Day': 5}
2025-02-02 22:13:05,881 [INFO] Game 1
2025-02-02 22:13:10,007 [INFO] <:LEV:1088622597584990218> has count: 21
2025-02-02 22:13:10,218 [INFO] <:MIBR:1088622601603141632> has count: 17
2025-02-02 22:13:10,328 [INFO] Game is now closed
2025-02-02 22:13:10,329 [INFO] Game 2
2025-02-02 22:13:10,752 [INFO] <:LOUD:1088622599979946044> has count: 33
2025-02-02 22:13:10,952 [INFO] <:KRU:1088622595504619621> has count: 6
2025-02-02 22:13:11,000 [INFO] Game is now closed
2025-02-02 22:32:55,419 [INFO] Shard ID 0 has successfully RESUMED session deddeccb0ec77c89b41497be6db3cd3e.
2025-02-02 22:56:20,849 [WARNING] Can't keep up, shard ID 0 websocket is 42.6s behind.
2025-02-02 23:25:26,250 [WARNING] Shard ID 0 heartbeat blocked for more than 10 seconds.
Loop thread traceback (most recent call last):
  File "/home/ubuntu/VCT BOT/vctBot.py", line 10, in <module>
    bot.run()
  File "/home/ubuntu/VCT BOT/vctBotBackend.py", line 790, in run
    super().run(self.config["discord_token"], reconnect=True)
  File "/usr/local/lib/python3.10/dist-packages/discord/client.py", line 860, in run
    asyncio.run(runner())
  File "/usr/lib/python3.10/asyncio/runners.py", line 44, in run
    return loop.run_until_complete(main)
  File "/usr/lib/python3.10/asyncio/base_events.py", line 636, in run_until_complete
    self.run_forever()
  File "/usr/lib/python3.10/asyncio/base_events.py", line 603, in run_forever
    self._run_once()
  File "/usr/lib/python3.10/asyncio/base_events.py", line 1909, in _run_once
    handle._run()
  File "/usr/lib/python3.10/asyncio/events.py", line 80, in _run
    self._context.run(self._callback, *self._args)
  File "/usr/lib/python3.10/asyncio/selector_events.py", line 819, in _read_ready
    self._read_ready_cb()
  File "/usr/lib/python3.10/asyncio/selector_events.py", line 876, in _read_ready__data_received
    self._protocol.data_received(data)
  File "/usr/lib/python3.10/asyncio/sslproto.py", line 534, in data_received
    ssldata, appdata = self._sslpipe.feed_ssldata(data)
  File "/usr/lib/python3.10/asyncio/sslproto.py", line 199, in feed_ssldata
    chunk = self._sslobj.read(self.max_size)
  File "/usr/lib/python3.10/ssl.py", line 918, in read
    return v

2025-02-02 23:25:26,591 [ERROR] Attempting a reconnect for shard ID 0 in 1.37s
Traceback (most recent call last):
  File "/usr/local/lib/python3.10/dist-packages/discord/shard.py", line 164, in worker
    await self.ws.poll_event()
  File "/usr/local/lib/python3.10/dist-packages/discord/gateway.py", line 646, in poll_event
    raise ConnectionClosed(self.socket, shard_id=self.shard_id, code=code) from None
discord.errors.ConnectionClosed: Shard ID 0 WebSocket closed with 1000
2025-02-02 23:25:36,393 [INFO] Shard ID 0 has connected to Gateway (Session ID: 9a59bdd71ecd9a6605d42ce863c7d0cd).
2025-02-02 23:26:01,209 [ERROR] Unclosed client session
client_session: <aiohttp.client.ClientSession object at 0x7f8340acc550>
2025-02-02 23:26:01,890 [INFO] -------------
2025-02-02 23:26:01,890 [INFO] |VCT Poll Bot|
2025-02-02 23:26:01,890 [INFO] -------------
2025-02-02 23:28:29,098 [WARNING] Shard ID 0 heartbeat blocked for more than 10 seconds.
Loop thread traceback (most recent call last):
  File "/home/ubuntu/VCT BOT/vctBot.py", line 10, in <module>
    bot.run()
  File "/home/ubuntu/VCT BOT/vctBotBackend.py", line 790, in run
    super().run(self.config["discord_token"], reconnect=True)
  File "/usr/local/lib/python3.10/dist-packages/discord/client.py", line 860, in run
    asyncio.run(runner())
  File "/usr/lib/python3.10/asyncio/runners.py", line 44, in run
    return loop.run_until_complete(main)
  File "/usr/lib/python3.10/asyncio/base_events.py", line 636, in run_until_complete
    self.run_forever()
  File "/usr/lib/python3.10/asyncio/base_events.py", line 603, in run_forever
    self._run_once()
  File "/usr/lib/python3.10/asyncio/base_events.py", line 1909, in _run_once
    handle._run()
  File "/usr/lib/python3.10/asyncio/events.py", line 80, in _run
    self._context.run(self._callback, *self._args)
  File "/usr/lib/python3.10/asyncio/selector_events.py", line 819, in _read_ready
    self._read_ready_cb()
  File "/usr/lib/python3.10/asyncio/selector_events.py", line 876, in _read_ready__data_received
    self._protocol.data_received(data)
  File "/usr/lib/python3.10/asyncio/sslproto.py", line 551, in data_received
    self._app_protocol.data_received(chunk)
  File "/usr/lib/python3.10/asyncio/sslproto.py", line 229, in feed_ssldata
    return (ssldata, appdata)
  File "/usr/lib/python3.10/ssl.py", line 918, in read
    return v

2025-02-02 23:32:29,436 [ERROR] Attempting a reconnect for shard ID 0 in 2.41s
Traceback (most recent call last):
  File "/usr/local/lib/python3.10/dist-packages/discord/shard.py", line 164, in worker
    await self.ws.poll_event()
  File "/usr/local/lib/python3.10/dist-packages/discord/gateway.py", line 646, in poll_event
    raise ConnectionClosed(self.socket, shard_id=self.shard_id, code=code) from None
discord.errors.ConnectionClosed: Shard ID 0 WebSocket closed with 1000
2025-02-03 00:55:27,029 [DEBUG] Using selector: EpollSelector
2025-02-03 00:55:27,031 [INFO] logging in using static token
2025-02-03 00:55:28,271 [INFO] Shard ID 0 has connected to Gateway (Session ID: 2fff83e8ea2dd44b3295f2d02d510c4a).
2025-02-03 00:55:30,439 [INFO] -------------
2025-02-03 00:55:30,439 [INFO] |VCT Poll Bot|
2025-02-03 00:55:30,439 [INFO] -------------
2025-02-03 00:56:42,850 [INFO] Message from axon319: +rank
2025-02-03 01:44:50,313 [INFO] Message from ponk8575: +rank
2025-02-03 03:25:53,016 [INFO] Message from axon319: +poll AMERICAS KICKOFF 6
2025-02-03 03:25:53,032 [INFO] Team 1: Sentinels, Team 2: G2 Esports, Points: 1
2025-02-03 03:25:53,032 [INFO] Team 1: MIBR, Team 2: KRU Esports, Points: 1
2025-02-03 03:26:52,591 [INFO] Message from axon319: +rank
2025-02-03 03:35:57,019 [INFO] Message from urjokingright: +rank
2025-02-03 03:39:46,794 [INFO] Shard ID 0 has successfully RESUMED session 2fff83e8ea2dd44b3295f2d02d510c4a.
2025-02-03 04:06:04,426 [INFO] Shard ID 0 has successfully RESUMED session 2fff83e8ea2dd44b3295f2d02d510c4a.
2025-02-03 05:01:58,744 [INFO] Message from wolfval04: +rank Americas
2025-02-03 06:06:56,111 [INFO] Message from joachjua: +rank
2025-02-03 07:05:45,316 [INFO] Message from kayfourfour: +rank
2025-02-03 07:48:28,347 [INFO] Shard ID 0 has successfully RESUMED session 2fff83e8ea2dd44b3295f2d02d510c4a.
2025-02-03 09:42:45,333 [INFO] Shard ID 0 has successfully RESUMED session 2fff83e8ea2dd44b3295f2d02d510c4a.
2025-02-03 12:13:54,652 [INFO] Message from turtlepita: +rank
2025-02-03 12:14:03,325 [INFO] Message from turtlepita: +rank EMEA
2025-02-03 12:14:10,492 [INFO] Message from turtlepita: +rank AMERICAS
2025-02-03 12:22:42,294 [INFO] Message from lyclipz: +rank americas
2025-02-03 12:22:47,727 [INFO] Message from lyclipz: +rank emea
2025-02-03 12:22:57,115 [INFO] Message from lyclipz: +rank pacific
2025-02-03 12:27:07,428 [INFO] Shard ID 0 has successfully RESUMED session 2fff83e8ea2dd44b3295f2d02d510c4a.
2025-02-03 14:12:27,483 [INFO] Message from axon319: +rank pacific
2025-02-03 14:26:07,584 [INFO] Message from urjokingright: +rank pacific
2025-02-03 14:26:43,319 [INFO] Message from urjokingright: +rank emea
2025-02-03 14:26:53,429 [INFO] Message from urjokingright: +rank americas
2025-02-03 14:27:04,394 [INFO] Message from urjokingright: +rank
2025-02-03 16:13:37,029 [INFO] Shard ID 0 has successfully RESUMED session 2fff83e8ea2dd44b3295f2d02d510c4a.
2025-02-03 16:35:02,272 [INFO] Shard ID 0 has successfully RESUMED session 2fff83e8ea2dd44b3295f2d02d510c4a.
2025-02-03 17:13:46,967 [INFO] Message from narranette: +rank
2025-02-03 17:18:55,358 [INFO] Message from korusumi: +rank
2025-02-03 19:27:53,404 [INFO] Shard ID 0 has successfully RESUMED session 2fff83e8ea2dd44b3295f2d02d510c4a.
2025-02-03 19:57:44,514 [INFO] Shard ID 0 has successfully RESUMED session 2fff83e8ea2dd44b3295f2d02d510c4a.
2025-02-03 21:26:57,176 [INFO] Message from beast6217: +rank
2025-02-03 23:55:32,308 [INFO] Shard ID 0 has successfully RESUMED session 2fff83e8ea2dd44b3295f2d02d510c4a.
2025-02-04 03:16:06,373 [INFO] Shard ID 0 has successfully RESUMED session 2fff83e8ea2dd44b3295f2d02d510c4a.
2025-02-04 04:24:13,519 [INFO] Shard ID 0 has successfully RESUMED session 2fff83e8ea2dd44b3295f2d02d510c4a.
2025-02-04 05:33:38,103 [INFO] Shard ID 0 has successfully RESUMED session 2fff83e8ea2dd44b3295f2d02d510c4a.
2025-02-04 07:32:54,674 [INFO] Shard ID 0 has successfully RESUMED session 2fff83e8ea2dd44b3295f2d02d510c4a.
2025-02-04 09:41:20,891 [INFO] Shard ID 0 has successfully RESUMED session 2fff83e8ea2dd44b3295f2d02d510c4a.
2025-02-04 10:10:11,061 [INFO] Shard ID 0 has successfully RESUMED session 2fff83e8ea2dd44b3295f2d02d510c4a.
2025-02-04 11:19:14,033 [INFO] Shard ID 0 has successfully RESUMED session 2fff83e8ea2dd44b3295f2d02d510c4a.
2025-02-04 11:39:26,570 [INFO] Shard ID 0 has successfully RESUMED session 2fff83e8ea2dd44b3295f2d02d510c4a.
2025-02-04 12:26:52,802 [INFO] Shard ID 0 has successfully RESUMED session 2fff83e8ea2dd44b3295f2d02d510c4a.
2025-02-04 13:13:48,252 [INFO] Shard ID 0 has successfully RESUMED session 2fff83e8ea2dd44b3295f2d02d510c4a.
2025-02-04 13:45:38,764 [INFO] Shard ID 0 has successfully RESUMED session 2fff83e8ea2dd44b3295f2d02d510c4a.
2025-02-04 15:09:49,560 [INFO] Shard ID 0 has successfully RESUMED session 2fff83e8ea2dd44b3295f2d02d510c4a.
2025-02-04 15:29:23,590 [INFO] Shard ID 0 has successfully RESUMED session 2fff83e8ea2dd44b3295f2d02d510c4a.
2025-02-04 15:57:51,415 [INFO] Shard ID 0 has successfully RESUMED session 2fff83e8ea2dd44b3295f2d02d510c4a.
2025-02-04 16:51:33,894 [INFO] Shard ID 0 has successfully RESUMED session 2fff83e8ea2dd44b3295f2d02d510c4a.
2025-02-04 17:01:15,297 [INFO] Shard ID 0 has successfully RESUMED session 2fff83e8ea2dd44b3295f2d02d510c4a.
2025-02-04 18:44:44,725 [INFO] Shard ID 0 has successfully RESUMED session 2fff83e8ea2dd44b3295f2d02d510c4a.
2025-02-04 19:40:37,262 [INFO] Shard ID 0 has successfully RESUMED session 2fff83e8ea2dd44b3295f2d02d510c4a.
2025-02-04 20:31:44,049 [INFO] Shard ID 0 has successfully RESUMED session 2fff83e8ea2dd44b3295f2d02d510c4a.
2025-02-04 21:32:40,140 [INFO] Shard ID 0 has successfully RESUMED session 2fff83e8ea2dd44b3295f2d02d510c4a.
2025-02-04 21:52:14,741 [INFO] Shard ID 0 has successfully RESUMED session 2fff83e8ea2dd44b3295f2d02d510c4a.
2025-02-04 23:00:23,050 [INFO] Shard ID 0 has successfully RESUMED session 2fff83e8ea2dd44b3295f2d02d510c4a.
2025-02-04 23:54:39,160 [INFO] Shard ID 0 has successfully RESUMED session 2fff83e8ea2dd44b3295f2d02d510c4a.
2025-02-05 00:11:33,008 [INFO] Shard ID 0 has successfully RESUMED session 2fff83e8ea2dd44b3295f2d02d510c4a.
2025-02-05 00:27:12,014 [INFO] Shard ID 0 has successfully RESUMED session 2fff83e8ea2dd44b3295f2d02d510c4a.
2025-02-05 04:01:28,801 [INFO] Shard ID 0 has successfully RESUMED session 2fff83e8ea2dd44b3295f2d02d510c4a.
2025-02-05 06:51:05,943 [INFO] Shard ID 0 has successfully RESUMED session 2fff83e8ea2dd44b3295f2d02d510c4a.
2025-02-05 08:16:41,434 [INFO] Shard ID 0 has successfully RESUMED session 2fff83e8ea2dd44b3295f2d02d510c4a.
2025-02-05 09:15:13,086 [INFO] Shard ID 0 has successfully RESUMED session 2fff83e8ea2dd44b3295f2d02d510c4a.
2025-02-05 11:00:55,082 [INFO] Shard ID 0 has successfully RESUMED session 2fff83e8ea2dd44b3295f2d02d510c4a.
2025-02-05 12:34:49,528 [INFO] Shard ID 0 has successfully RESUMED session 2fff83e8ea2dd44b3295f2d02d510c4a.
2025-02-05 16:17:25,063 [INFO] Shard ID 0 has successfully RESUMED session 2fff83e8ea2dd44b3295f2d02d510c4a.
2025-02-05 16:26:15,690 [INFO] Shard ID 0 has successfully RESUMED session 2fff83e8ea2dd44b3295f2d02d510c4a.
2025-02-05 16:58:37,315 [INFO] Shard ID 0 has successfully RESUMED session 2fff83e8ea2dd44b3295f2d02d510c4a.
2025-02-05 17:08:56,228 [INFO] Shard ID 0 has successfully RESUMED session 2fff83e8ea2dd44b3295f2d02d510c4a.
2025-02-05 17:10:57,398 [INFO] Shard ID 0 has successfully RESUMED session 2fff83e8ea2dd44b3295f2d02d510c4a.
2025-02-05 18:33:50,310 [INFO] Shard ID 0 has successfully RESUMED session 2fff83e8ea2dd44b3295f2d02d510c4a.
2025-02-05 20:38:45,963 [INFO] Shard ID 0 has successfully RESUMED session 2fff83e8ea2dd44b3295f2d02d510c4a.
2025-02-05 22:29:30,334 [INFO] Shard ID 0 has successfully RESUMED session 2fff83e8ea2dd44b3295f2d02d510c4a.
2025-02-05 23:16:41,641 [INFO] Shard ID 0 has successfully RESUMED session 2fff83e8ea2dd44b3295f2d02d510c4a.
2025-02-05 23:42:13,213 [INFO] Shard ID 0 has successfully RESUMED session 2fff83e8ea2dd44b3295f2d02d510c4a.
2025-02-06 01:21:59,949 [INFO] Shard ID 0 has successfully RESUMED session 2fff83e8ea2dd44b3295f2d02d510c4a.
2025-02-06 02:04:24,092 [INFO] Shard ID 0 has successfully RESUMED session 2fff83e8ea2dd44b3295f2d02d510c4a.
2025-02-06 05:13:30,404 [INFO] Shard ID 0 has successfully RESUMED session 2fff83e8ea2dd44b3295f2d02d510c4a.
2025-02-06 08:37:54,320 [INFO] Shard ID 0 has successfully RESUMED session 2fff83e8ea2dd44b3295f2d02d510c4a.
2025-02-06 09:16:43,314 [INFO] Shard ID 0 has successfully RESUMED session 2fff83e8ea2dd44b3295f2d02d510c4a.
2025-02-06 13:13:23,862 [INFO] Shard ID 0 has successfully RESUMED session 2fff83e8ea2dd44b3295f2d02d510c4a.
2025-02-06 14:26:10,383 [INFO] Shard ID 0 has successfully RESUMED session 2fff83e8ea2dd44b3295f2d02d510c4a.
2025-02-06 18:20:54,509 [INFO] Shard ID 0 has successfully RESUMED session 2fff83e8ea2dd44b3295f2d02d510c4a.
2025-02-06 19:08:02,506 [INFO] Shard ID 0 has successfully RESUMED session 2fff83e8ea2dd44b3295f2d02d510c4a.
2025-02-06 19:37:30,695 [INFO] Shard ID 0 has successfully RESUMED session 2fff83e8ea2dd44b3295f2d02d510c4a.
2025-02-06 20:02:45,005 [INFO] Shard ID 0 has successfully RESUMED session 2fff83e8ea2dd44b3295f2d02d510c4a.
2025-02-06 20:51:04,783 [INFO] Shard ID 0 has successfully RESUMED session 2fff83e8ea2dd44b3295f2d02d510c4a.
2025-02-06 22:09:24,010 [INFO] Message from axon319: +record AMERICAS KICKOFF 6
2025-02-06 22:09:25,429 [INFO] File and list created: {'Command': 'record', 'League': 'AMERICAS', 'Type': 'KICKOFF', 'Day': 6}
2025-02-06 22:09:25,429 [INFO] Game 1
2025-02-06 22:09:29,671 [INFO] <:AME_SEN:1038562021664370758> has count: 23
2025-02-06 22:09:29,852 [INFO] <:G2:1191932292059373668> has count: 19
2025-02-06 22:09:30,556 [INFO] Game is now closed
2025-02-06 22:09:30,557 [INFO] Game 2
2025-02-06 22:09:31,003 [INFO] <:MIBR:1088622601603141632> has count: 14
2025-02-06 22:09:31,218 [INFO] <:KRU:1088622595504619621> has count: 26
2025-02-06 22:09:31,281 [INFO] Game is now closed
2025-02-06 22:11:35,972 [INFO] Message from axon319: +record AMERICAS KICKOFF 6
2025-02-06 22:11:37,099 [INFO] File and list created: {'Command': 'record', 'League': 'AMERICAS', 'Type': 'KICKOFF', 'Day': 6}
2025-02-06 22:11:37,099 [INFO] Game 1
2025-02-06 22:11:41,425 [INFO] <:AME_SEN:1038562021664370758> has count: 23
2025-02-06 22:11:41,625 [INFO] <:G2:1191932292059373668> has count: 20
2025-02-06 22:11:41,702 [INFO] Game is now closed
2025-02-06 22:11:41,703 [INFO] Game 2
2025-02-06 22:11:42,082 [INFO] <:MIBR:1088622601603141632> has count: 15
2025-02-06 22:11:42,251 [INFO] <:KRU:1088622595504619621> has count: 26
2025-02-06 22:11:42,302 [INFO] Game is now closed
2025-02-06 22:40:36,516 [INFO] Shard ID 0 has successfully RESUMED session 2fff83e8ea2dd44b3295f2d02d510c4a.
2025-02-06 23:31:06,189 [INFO] Shard ID 0 has successfully RESUMED session 2fff83e8ea2dd44b3295f2d02d510c4a.
2025-02-06 23:52:07,198 [INFO] Shard ID 0 has successfully RESUMED session 2fff83e8ea2dd44b3295f2d02d510c4a.
2025-02-07 01:55:16,857 [INFO] Shard ID 0 has successfully RESUMED session 2fff83e8ea2dd44b3295f2d02d510c4a.
2025-02-07 03:22:54,383 [INFO] Shard ID 0 has successfully RESUMED session 2fff83e8ea2dd44b3295f2d02d510c4a.
2025-02-07 03:52:14,430 [INFO] Shard ID 0 has successfully RESUMED session 2fff83e8ea2dd44b3295f2d02d510c4a.
2025-02-07 04:31:34,735 [INFO] Message from axon319: +poll AMERICAS KICKOFF 7\
2025-02-07 04:31:34,751 [INFO] Team 1: Sentinels, Team 2: MIBR, Points: 1
2025-02-07 04:32:20,897 [INFO] Message from jbroz21: +rank americas
2025-02-07 04:32:25,398 [INFO] Message from jbroz21: +rank pacific
2025-02-07 04:32:29,082 [INFO] Message from jbroz21: +rank emea
2025-02-07 04:32:32,141 [INFO] Message from jbroz21: +rank rn
2025-02-07 04:32:34,805 [INFO] Message from jbroz21: +rank cn
2025-02-07 04:32:39,145 [INFO] Message from jbroz21: +rank china
2025-02-07 04:33:59,771 [INFO] Message from axon319: +rank AMERICAS
2025-02-07 04:34:15,639 [INFO] Message from axon319: +leaderboard AMERICAS
2025-02-07 05:06:07,619 [INFO] Message from ponk8575: +rank
2025-02-07 05:36:50,921 [INFO] Message from axon319: +record PACIFIC KICKOFF 6
2025-02-07 05:36:52,197 [INFO] File and list created: {'Command': 'record', 'League': 'PACIFIC', 'Type': 'KICKOFF', 'Day': 6}
2025-02-07 05:36:52,197 [INFO] Game 1
2025-02-07 05:36:56,335 [INFO] <:T1:1088622656175226961> has count: 27
2025-02-07 05:36:56,541 [INFO] <:DRX:1088622644586348704> has count: 11
2025-02-07 05:36:56,719 [INFO] Game is now closed
2025-02-07 05:36:56,719 [INFO] Game 2
2025-02-07 05:36:57,191 [INFO] <:TALON:1088622659308355584> has count: 3
2025-02-07 05:36:57,389 [INFO] <:GENG:1088622646989705218> has count: 35
2025-02-07 05:36:57,442 [INFO] Game is now closed
2025-02-07 05:51:24,862 [INFO] Message from tilly_7: +rank
2025-02-07 07:13:39,761 [INFO] Shard ID 0 has successfully RESUMED session 2fff83e8ea2dd44b3295f2d02d510c4a.
2025-02-07 09:09:17,080 [INFO] Message from korusumi: +rank
2025-02-07 09:20:13,674 [INFO] Shard ID 0 has successfully RESUMED session 2fff83e8ea2dd44b3295f2d02d510c4a.
2025-02-07 11:19:14,543 [INFO] Shard ID 0 has successfully RESUMED session 2fff83e8ea2dd44b3295f2d02d510c4a.
2025-02-07 11:32:35,305 [INFO] Message from kayfourfour: +rank
2025-02-07 11:33:09,042 [INFO] Message from kayfourfour: +rank pacific
2025-02-07 12:46:19,017 [INFO] Shard ID 0 has successfully RESUMED session 2fff83e8ea2dd44b3295f2d02d510c4a.
2025-02-07 14:23:26,136 [INFO] Message from axon319: +poll PACIFIC KICKOFF 7
2025-02-07 14:23:26,140 [INFO] Team 1: T1, Team 2: Gen.G, Points: 1
2025-02-07 14:29:32,440 [INFO] Shard ID 0 has successfully RESUMED session 2fff83e8ea2dd44b3295f2d02d510c4a.
2025-02-07 15:31:51,698 [INFO] Shard ID 0 has successfully RESUMED session 2fff83e8ea2dd44b3295f2d02d510c4a.
2025-02-07 15:52:00,040 [INFO] Shard ID 0 has successfully RESUMED session 2fff83e8ea2dd44b3295f2d02d510c4a.
2025-02-07 16:35:37,354 [INFO] Shard ID 0 has successfully RESUMED session 2fff83e8ea2dd44b3295f2d02d510c4a.
2025-02-07 16:41:01,612 [INFO] Shard ID 0 has successfully RESUMED session 2fff83e8ea2dd44b3295f2d02d510c4a.
2025-02-07 17:09:05,788 [INFO] Message from axon319: +record EMEA KICKOFF 6
2025-02-07 17:09:07,054 [INFO] File and list created: {'Command': 'record', 'League': 'EMEA', 'Type': 'KICKOFF', 'Day': 6}
2025-02-07 17:09:07,055 [INFO] Game 1
2025-02-07 17:09:11,321 [INFO] <:TH:1088622529322696814> has count: 16
2025-02-07 17:09:11,498 [INFO] <:VIT:1088622561245536266> has count: 21
2025-02-07 17:09:11,560 [INFO] Game is now closed
2025-02-07 17:09:11,560 [INFO] Game 2
2025-02-07 17:09:11,909 [INFO] <:LIQUID:1088622526214713445> has count: 7
2025-02-07 17:09:12,098 [INFO] <:FUT:1088622519185051718> has count: 30
2025-02-07 17:09:12,138 [INFO] Game is now closed
2025-02-07 19:07:01,478 [INFO] Shard ID 0 has successfully RESUMED session 2fff83e8ea2dd44b3295f2d02d510c4a.
2025-02-07 20:02:33,856 [INFO] Message from narranette: +rank pacific
2025-02-07 20:02:36,545 [INFO] Message from narranette: +rank
2025-02-07 20:02:58,070 [INFO] Shard ID 0 has successfully RESUMED session 2fff83e8ea2dd44b3295f2d02d510c4a.
2025-02-07 20:05:03,401 [INFO] Shard ID 0 has successfully RESUMED session 2fff83e8ea2dd44b3295f2d02d510c4a.
2025-02-07 21:23:07,869 [INFO] Shard ID 0 has successfully RESUMED session 2fff83e8ea2dd44b3295f2d02d510c4a.
2025-02-07 21:56:29,636 [INFO] Message from turtlepita: +rank
2025-02-07 23:04:02,458 [INFO] Message from axon319: +record AMERICAS KICKOFF 7
2025-02-07 23:04:03,247 [INFO] File and list created: {'Command': 'record', 'League': 'AMERICAS', 'Type': 'KICKOFF', 'Day': 7}
2025-02-07 23:04:03,247 [INFO] Game 1
2025-02-07 23:04:03,826 [INFO] <:AME_SEN:1038562021664370758> has count: 40
2025-02-07 23:04:04,035 [INFO] <:MIBR:1088622601603141632> has count: 5
2025-02-07 23:04:04,167 [INFO] Game is now closed
2025-02-07 23:05:04,027 [INFO] Message from axon319: +poll EMEA KICKOFF 7
2025-02-07 23:05:04,030 [INFO] Team 1: Team Heretics, Team 2: Team Liquid, Points: 1
2025-02-07 23:05:04,031 [WARNING] Issue with row 2 in Games/2025/EMEA/KICKOFF/DAY7.csv. Skipping due to incomplete data.
2025-02-07 23:17:48,934 [INFO] Message from kayfourfour: +rank
2025-02-08 00:36:16,961 [INFO] Shard ID 0 has successfully RESUMED session 2fff83e8ea2dd44b3295f2d02d510c4a.
2025-02-08 01:36:47,467 [INFO] Shard ID 0 has successfully RESUMED session 2fff83e8ea2dd44b3295f2d02d510c4a.
2025-02-08 02:26:53,871 [INFO] Message from axon319: +poll AMERICAS KICKOFF 8
2025-02-08 02:26:53,874 [INFO] Team 1: Sentinels, Team 2: G2 Esports, Points: 1
2025-02-08 02:42:25,212 [INFO] Message from f1ash1: +rank
2025-02-08 04:45:00,629 [INFO] Message from axon319: +rank
2025-02-08 04:45:05,820 [INFO] Message from axon319: +leaderboard
2025-02-08 05:15:49,634 [INFO] Shard ID 0 has successfully RESUMED session 2fff83e8ea2dd44b3295f2d02d510c4a.
2025-02-08 05:27:47,773 [INFO] Message from beast6217: +rank
2025-02-08 08:47:58,653 [INFO] Message from axon319: +record PACIFIC KICKOFF 7
2025-02-08 08:47:59,319 [INFO] File and list created: {'Command': 'record', 'League': 'PACIFIC', 'Type': 'KICKOFF', 'Day': 7}
2025-02-08 08:47:59,320 [INFO] Game 1
2025-02-08 08:48:00,776 [INFO] <:T1:1088622656175226961> has count: 25
2025-02-08 08:48:01,054 [INFO] <:GENG:1088622646989705218> has count: 9
2025-02-08 08:48:01,129 [INFO] Game is now closed
2025-02-08 08:57:33,363 [INFO] Shard ID 0 has successfully RESUMED session 2fff83e8ea2dd44b3295f2d02d510c4a.
2025-02-08 10:08:23,486 [INFO] Shard ID 0 has successfully RESUMED session 2fff83e8ea2dd44b3295f2d02d510c4a.
2025-02-08 11:18:45,072 [INFO] Shard ID 0 has successfully RESUMED session 2fff83e8ea2dd44b3295f2d02d510c4a.
2025-02-08 12:50:36,579 [INFO] Shard ID 0 has successfully RESUMED session 2fff83e8ea2dd44b3295f2d02d510c4a.
2025-02-08 14:02:31,699 [INFO] Shard ID 0 has successfully RESUMED session 2fff83e8ea2dd44b3295f2d02d510c4a.
2025-02-08 15:56:01,971 [INFO] Shard ID 0 has successfully RESUMED session 2fff83e8ea2dd44b3295f2d02d510c4a.
2025-02-08 16:23:21,979 [INFO] Message from axon319: +record EMEA KICKOFF 7
2025-02-08 16:23:22,837 [INFO] File and list created: {'Command': 'record', 'League': 'EMEA', 'Type': 'KICKOFF', 'Day': 7}
2025-02-08 16:23:22,837 [INFO] Game 1
2025-02-08 16:23:23,330 [INFO] <:TH:1088622529322696814> has count: 26
2025-02-08 16:23:23,579 [INFO] <:LIQUID:1088622526214713445> has count: 5
2025-02-08 16:23:23,636 [INFO] Game is now closed
2025-02-08 17:49:57,022 [INFO] Shard ID 0 has successfully RESUMED session 2fff83e8ea2dd44b3295f2d02d510c4a.
2025-02-08 18:06:06,181 [INFO] Shard ID 0 has successfully RESUMED session 2fff83e8ea2dd44b3295f2d02d510c4a.
2025-02-08 18:31:55,272 [INFO] Message from axon319: +rank
2025-02-08 18:33:10,950 [INFO] Message from dyehttodptw: +rank
2025-02-08 18:35:27,962 [INFO] Message from urjokingright: +rank
2025-02-08 19:02:54,609 [INFO] Message from kayfourfour: +rank emea
2025-02-08 19:02:56,961 [INFO] Message from kayfourfour: +rank
2025-02-08 19:05:42,162 [INFO] Message from axon319: +poll PACIFIC KICKOFF 8
2025-02-08 19:05:42,166 [INFO] Team 1: T1, Team 2: DRX, Points: 1
2025-02-08 19:07:17,809 [INFO] Message from dyehttodptw: +rank
2025-02-08 19:22:07,979 [INFO] Message from axon319: +poll EMEA KICKOFF 8
2025-02-08 19:22:07,996 [INFO] Team 1: Team Vitality, Team 2: Team Liquid, Points: 1
2025-02-08 19:22:07,996 [WARNING] Issue with row 2 in Games/2025/EMEA/KICKOFF/DAY8.csv. Skipping due to incomplete data.
2025-02-08 19:24:15,113 [INFO] Message from el_bello: +rank
2025-02-08 19:27:42,743 [INFO] Shard ID 0 has successfully RESUMED session 2fff83e8ea2dd44b3295f2d02d510c4a.
2025-02-08 19:54:43,768 [INFO] Message from joachjua: +rank
2025-02-08 19:55:57,457 [INFO] Shard ID 0 has successfully RESUMED session 2fff83e8ea2dd44b3295f2d02d510c4a.
2025-02-08 20:37:49,965 [INFO] Shard ID 0 has successfully RESUMED session 2fff83e8ea2dd44b3295f2d02d510c4a.
2025-02-08 23:03:49,456 [INFO] Message from axon319: +record AMERICAS KICKOFF 8
2025-02-08 23:03:51,561 [INFO] File and list created: {'Command': 'record', 'League': 'AMERICAS', 'Type': 'KICKOFF', 'Day': 8}
2025-02-08 23:03:51,561 [INFO] Game 1
2025-02-08 23:03:52,053 [INFO] <:AME_SEN:1038562021664370758> has count: 20
2025-02-08 23:03:52,356 [INFO] <:G2:1191932292059373668> has count: 23
2025-02-08 23:03:52,533 [INFO] Game is now closed
2025-02-08 23:26:52,194 [INFO] Shard ID 0 has successfully RESUMED session 2fff83e8ea2dd44b3295f2d02d510c4a.
2025-02-09 00:41:10,382 [INFO] Message from redicendia: +rank
2025-02-09 01:04:43,774 [INFO] Message from axon319: +rank
2025-02-09 01:25:59,612 [INFO] Message from korusumi: +rank
2025-02-09 01:30:46,429 [INFO] Message from urjokingright: +rank
2025-02-09 01:30:56,685 [INFO] Message from urjokingright: +rank pacific
2025-02-09 02:05:41,364 [INFO] Shard ID 0 has successfully RESUMED session 2fff83e8ea2dd44b3295f2d02d510c4a.
2025-02-09 02:30:45,225 [INFO] Message from axon319: +leaderboard KICKOFF AMERICAS
2025-02-09 02:30:58,773 [INFO] Message from axon319: +rank
2025-02-09 02:31:02,813 [INFO] Message from axon319: +leaderboard
2025-02-09 02:41:17,623 [INFO] Message from f1ash1: +rank
2025-02-09 02:41:47,175 [INFO] Message from kayfourfour: +rank
2025-02-09 02:49:17,260 [INFO] Message from urjokingright: +rank
2025-02-09 02:49:23,037 [INFO] Message from urjokingright: +rank americas
2025-02-09 02:49:30,884 [INFO] Message from urjokingright: +rank emea
2025-02-09 02:49:41,478 [INFO] Message from urjokingright: +rank pacific
2025-02-09 02:51:13,166 [INFO] Message from tyottoyt: +rank
2025-02-09 02:51:25,020 [INFO] Message from tyottoyt: +rank americas
2025-02-09 04:40:18,354 [INFO] Shard ID 0 has successfully RESUMED session 2fff83e8ea2dd44b3295f2d02d510c4a.
2025-02-09 05:34:35,922 [INFO] Shard ID 0 has successfully RESUMED session 2fff83e8ea2dd44b3295f2d02d510c4a.
2025-02-09 06:38:41,219 [INFO] Shard ID 0 has successfully RESUMED session 2fff83e8ea2dd44b3295f2d02d510c4a.
2025-02-09 08:14:08,728 [INFO] Message from axon319: +record PACIFIC KICKOFF 8
2025-02-09 08:14:09,387 [INFO] File and list created: {'Command': 'record', 'League': 'PACIFIC', 'Type': 'KICKOFF', 'Day': 8}
2025-02-09 08:14:09,387 [INFO] Game 1
2025-02-09 08:14:09,739 [INFO] <:T1:1088622656175226961> has count: 9
2025-02-09 08:14:09,942 [INFO] <:DRX:1088622644586348704> has count: 22
2025-02-09 08:14:10,013 [INFO] Game is now closed
2025-02-09 09:43:07,873 [INFO] Shard ID 0 has successfully RESUMED session 2fff83e8ea2dd44b3295f2d02d510c4a.
2025-02-09 10:43:38,504 [INFO] Shard ID 0 has successfully RESUMED session 2fff83e8ea2dd44b3295f2d02d510c4a.
2025-02-09 11:56:58,982 [INFO] Shard ID 0 has successfully RESUMED session 2fff83e8ea2dd44b3295f2d02d510c4a.
2025-02-09 15:22:37,009 [INFO] Shard ID 0 has successfully RESUMED session 2fff83e8ea2dd44b3295f2d02d510c4a.
2025-02-09 16:02:14,141 [INFO] Shard ID 0 has successfully RESUMED session 2fff83e8ea2dd44b3295f2d02d510c4a.
2025-02-09 18:32:23,799 [INFO] Shard ID 0 has successfully RESUMED session 2fff83e8ea2dd44b3295f2d02d510c4a.
2025-02-09 18:53:15,838 [INFO] Message from axon319: +record EMEA KICKOFF 8
2025-02-09 18:53:16,564 [INFO] File and list created: {'Command': 'record', 'League': 'EMEA', 'Type': 'KICKOFF', 'Day': 8}
2025-02-09 18:53:16,564 [INFO] Game 1
2025-02-09 18:53:17,055 [INFO] <:VIT:1088622561245536266> has count: 31
2025-02-09 18:53:17,251 [INFO] <:LIQUID:1088622526214713445> has count: 4
2025-02-09 18:53:17,303 [INFO] Game is now closed
2025-02-09 18:56:38,118 [INFO] Message from kayfourfour: +rank emea
2025-02-09 19:10:07,184 [INFO] Message from axon319: +rank PACIFIC
2025-02-09 19:10:28,397 [INFO] Message from axon319: +leaderboard KICKOFF PACIFIC
2025-02-09 19:13:45,801 [INFO] Message from urjokingright: +rank pacific
2025-02-09 19:15:29,786 [INFO] Message from axon319: +rank
2025-02-09 19:46:28,115 [INFO] Shard ID 0 has successfully RESUMED session 2fff83e8ea2dd44b3295f2d02d510c4a.
2025-02-09 21:50:45,940 [INFO] Message from axon319: +leaderboard KICKOFF EMEA
2025-02-09 21:52:30,916 [INFO] Message from axon319: +leaderboard KICKOFF
2025-02-09 21:53:11,689 [INFO] Message from korusumi: +rank
2025-02-09 21:54:33,257 [INFO] Message from urjokingright: +rank emea
2025-02-09 21:57:05,497 [INFO] Shard ID 0 has successfully RESUMED session 2fff83e8ea2dd44b3295f2d02d510c4a.
2025-02-09 22:58:52,934 [INFO] Shard ID 0 has successfully RESUMED session 2fff83e8ea2dd44b3295f2d02d510c4a.
2025-02-10 00:38:40,260 [INFO] Shard ID 0 has successfully RESUMED session 2fff83e8ea2dd44b3295f2d02d510c4a.
2025-02-10 01:49:02,069 [INFO] Message from narranette: +rank
2025-02-10 01:49:12,367 [INFO] Message from narranette: +rank emea
2025-02-10 01:49:16,563 [INFO] Message from narranette: +rank pacific
2025-02-10 03:52:07,756 [INFO] Shard ID 0 has successfully RESUMED session 2fff83e8ea2dd44b3295f2d02d510c4a.
2025-02-10 04:37:07,269 [INFO] Message from axon319: +poll MASTERS BANGKOK 1
2025-02-10 04:37:07,274 [INFO] Team 1: G2 Esports, Team 2: Trace Esports, Points: 1
2025-02-10 04:37:07,275 [INFO] Team 1: DRX, Team 2: Sentinels, Points: 1
2025-02-10 04:37:07,275 [INFO] Team 1: Team Vitality, Team 2: T1, Points: 1
2025-02-10 04:37:07,275 [INFO] Team 1: Edward Gaming, Team 2: Team Liquid, Points: 1
2025-02-10 06:11:07,764 [INFO] Shard ID 0 has successfully RESUMED session 2fff83e8ea2dd44b3295f2d02d510c4a.
2025-02-10 06:51:42,824 [INFO] Shard ID 0 has successfully RESUMED session 2fff83e8ea2dd44b3295f2d02d510c4a.
2025-02-10 09:56:30,530 [INFO] Shard ID 0 has successfully RESUMED session 2fff83e8ea2dd44b3295f2d02d510c4a.
2025-02-10 11:41:12,938 [INFO] Shard ID 0 has successfully RESUMED session 2fff83e8ea2dd44b3295f2d02d510c4a.
2025-02-10 12:28:22,562 [INFO] Shard ID 0 has successfully RESUMED session 2fff83e8ea2dd44b3295f2d02d510c4a.
2025-02-10 13:45:34,135 [INFO] Shard ID 0 has successfully RESUMED session 2fff83e8ea2dd44b3295f2d02d510c4a.
2025-02-10 16:03:05,171 [INFO] Shard ID 0 has successfully RESUMED session 2fff83e8ea2dd44b3295f2d02d510c4a.
2025-02-10 19:01:50,719 [INFO] Shard ID 0 has successfully RESUMED session 2fff83e8ea2dd44b3295f2d02d510c4a.
2025-02-10 20:41:43,308 [INFO] Shard ID 0 has successfully RESUMED session 2fff83e8ea2dd44b3295f2d02d510c4a.
2025-02-10 21:34:23,379 [INFO] Shard ID 0 has successfully RESUMED session 2fff83e8ea2dd44b3295f2d02d510c4a.
2025-02-10 22:06:36,179 [INFO] Shard ID 0 has successfully RESUMED session 2fff83e8ea2dd44b3295f2d02d510c4a.
2025-02-11 01:01:49,499 [INFO] Shard ID 0 has successfully RESUMED session 2fff83e8ea2dd44b3295f2d02d510c4a.
2025-02-11 02:51:50,822 [INFO] Shard ID 0 has successfully RESUMED session 2fff83e8ea2dd44b3295f2d02d510c4a.
2025-02-11 04:21:17,687 [INFO] Shard ID 0 has successfully RESUMED session 2fff83e8ea2dd44b3295f2d02d510c4a.
2025-02-11 04:39:25,478 [WARNING] Shard ID 0 heartbeat blocked for more than 10 seconds.
Loop thread traceback (most recent call last):
  File "/usr/local/lib/python3.10/dist-packages/aiohttp/client_ws.py", line 270, in receive
    return msg

2025-02-11 04:39:27,816 [ERROR] Attempting a reconnect for shard ID 0 in 1.98s
Traceback (most recent call last):
  File "/usr/local/lib/python3.10/dist-packages/discord/shard.py", line 164, in worker
    await self.ws.poll_event()
  File "/usr/local/lib/python3.10/dist-packages/discord/gateway.py", line 646, in poll_event
    raise ConnectionClosed(self.socket, shard_id=self.shard_id, code=code) from None
discord.errors.ConnectionClosed: Shard ID 0 WebSocket closed with 1000
2025-02-11 04:40:20,227 [WARNING] Can't keep up, shard ID 0 websocket is 10.9s behind.
2025-02-11 04:40:22,443 [INFO] Shard ID 0 has connected to Gateway (Session ID: 5b29d750236515c00b1fc6a4a356f8ae).
2025-02-11 04:40:35,251 [ERROR] Unclosed client session
client_session: <aiohttp.client.ClientSession object at 0x7fbcef7a0f70>
2025-02-11 04:40:35,256 [INFO] -------------
2025-02-11 04:40:35,256 [INFO] |VCT Poll Bot|
2025-02-11 04:40:35,256 [INFO] -------------
2025-02-11 04:40:57,000 [INFO] Message from axon319: +help
2025-02-11 04:44:40,185 [DEBUG] Using selector: EpollSelector
2025-02-11 04:44:40,187 [INFO] logging in using static token
2025-02-11 04:44:41,295 [INFO] Shard ID 0 has connected to Gateway (Session ID: c8c92b77485e08a5cd381365fc88b39e).
2025-02-11 04:44:43,483 [INFO] -------------
2025-02-11 04:44:43,484 [INFO] |VCT Poll Bot|
2025-02-11 04:44:43,484 [INFO] -------------
2025-02-11 05:00:36,279 [INFO] Shard ID 0 has successfully RESUMED session c8c92b77485e08a5cd381365fc88b39e.
2025-02-11 07:26:31,596 [INFO] Shard ID 0 has successfully RESUMED session c8c92b77485e08a5cd381365fc88b39e.
2025-02-11 10:42:35,460 [INFO] Shard ID 0 has successfully RESUMED session c8c92b77485e08a5cd381365fc88b39e.
2025-02-11 10:54:35,014 [INFO] Shard ID 0 has successfully RESUMED session c8c92b77485e08a5cd381365fc88b39e.
2025-02-11 12:46:58,867 [INFO] Shard ID 0 has successfully RESUMED session c8c92b77485e08a5cd381365fc88b39e.
2025-02-11 13:46:44,880 [INFO] Shard ID 0 has successfully RESUMED session c8c92b77485e08a5cd381365fc88b39e.
2025-02-11 15:26:23,849 [INFO] Shard ID 0 has successfully RESUMED session c8c92b77485e08a5cd381365fc88b39e.
2025-02-11 16:11:45,903 [INFO] Shard ID 0 has successfully RESUMED session c8c92b77485e08a5cd381365fc88b39e.
2025-02-11 16:27:06,135 [INFO] Shard ID 0 has successfully RESUMED session c8c92b77485e08a5cd381365fc88b39e.
2025-02-11 16:30:24,522 [INFO] Shard ID 0 has successfully RESUMED session c8c92b77485e08a5cd381365fc88b39e.
2025-02-11 16:42:01,390 [INFO] Shard ID 0 has successfully RESUMED session c8c92b77485e08a5cd381365fc88b39e.
2025-02-11 18:30:53,242 [INFO] Shard ID 0 has successfully RESUMED session c8c92b77485e08a5cd381365fc88b39e.
2025-02-11 18:47:57,584 [INFO] Shard ID 0 has successfully RESUMED session c8c92b77485e08a5cd381365fc88b39e.
2025-02-11 18:52:08,171 [INFO] Shard ID 0 has successfully RESUMED session c8c92b77485e08a5cd381365fc88b39e.
2025-02-11 20:48:05,788 [INFO] Shard ID 0 has successfully RESUMED session c8c92b77485e08a5cd381365fc88b39e.
2025-02-11 20:57:40,926 [INFO] Shard ID 0 has successfully RESUMED session c8c92b77485e08a5cd381365fc88b39e.
2025-02-11 22:42:59,690 [INFO] Shard ID 0 has successfully RESUMED session c8c92b77485e08a5cd381365fc88b39e.
2025-02-12 00:04:55,684 [INFO] Shard ID 0 has successfully RESUMED session c8c92b77485e08a5cd381365fc88b39e.
2025-02-12 00:19:59,887 [INFO] Shard ID 0 has successfully RESUMED session c8c92b77485e08a5cd381365fc88b39e.
2025-02-12 02:20:11,349 [INFO] Shard ID 0 has successfully RESUMED session c8c92b77485e08a5cd381365fc88b39e.
2025-02-12 03:34:06,062 [INFO] Shard ID 0 has successfully RESUMED session c8c92b77485e08a5cd381365fc88b39e.
2025-02-12 03:59:04,953 [INFO] Shard ID 0 has successfully RESUMED session c8c92b77485e08a5cd381365fc88b39e.
2025-02-12 06:29:37,199 [INFO] Shard ID 0 has successfully RESUMED session c8c92b77485e08a5cd381365fc88b39e.
2025-02-12 07:18:06,472 [INFO] Shard ID 0 has successfully RESUMED session c8c92b77485e08a5cd381365fc88b39e.
2025-02-12 09:47:05,459 [INFO] Shard ID 0 has successfully RESUMED session c8c92b77485e08a5cd381365fc88b39e.
2025-02-12 13:37:17,365 [INFO] Shard ID 0 has successfully RESUMED session c8c92b77485e08a5cd381365fc88b39e.
2025-02-12 15:26:33,384 [INFO] Shard ID 0 has successfully RESUMED session c8c92b77485e08a5cd381365fc88b39e.
2025-02-12 16:16:53,728 [INFO] Shard ID 0 has successfully RESUMED session c8c92b77485e08a5cd381365fc88b39e.
2025-02-12 19:44:59,932 [INFO] Shard ID 0 has successfully RESUMED session c8c92b77485e08a5cd381365fc88b39e.
2025-02-12 20:52:09,918 [INFO] Shard ID 0 has successfully RESUMED session c8c92b77485e08a5cd381365fc88b39e.
2025-02-12 21:22:45,280 [INFO] Shard ID 0 has successfully RESUMED session c8c92b77485e08a5cd381365fc88b39e.
2025-02-12 22:28:36,810 [INFO] Shard ID 0 has successfully RESUMED session c8c92b77485e08a5cd381365fc88b39e.
2025-02-12 23:30:23,671 [INFO] Shard ID 0 has successfully RESUMED session c8c92b77485e08a5cd381365fc88b39e.
2025-02-13 01:46:03,757 [INFO] Shard ID 0 has successfully RESUMED session c8c92b77485e08a5cd381365fc88b39e.
2025-02-13 03:35:33,157 [INFO] Shard ID 0 has successfully RESUMED session c8c92b77485e08a5cd381365fc88b39e.
2025-02-13 06:35:30,102 [INFO] Shard ID 0 has successfully RESUMED session c8c92b77485e08a5cd381365fc88b39e.
2025-02-13 08:59:57,149 [INFO] Shard ID 0 has successfully RESUMED session c8c92b77485e08a5cd381365fc88b39e.
2025-02-13 09:28:35,552 [INFO] Shard ID 0 has successfully RESUMED session c8c92b77485e08a5cd381365fc88b39e.
2025-02-13 09:47:23,287 [INFO] Shard ID 0 has successfully RESUMED session c8c92b77485e08a5cd381365fc88b39e.
2025-02-13 13:34:42,530 [INFO] Shard ID 0 has successfully RESUMED session c8c92b77485e08a5cd381365fc88b39e.
2025-02-13 15:23:16,119 [INFO] Shard ID 0 has successfully RESUMED session c8c92b77485e08a5cd381365fc88b39e.
2025-02-13 16:02:33,110 [INFO] Shard ID 0 has successfully RESUMED session c8c92b77485e08a5cd381365fc88b39e.
2025-02-13 16:44:12,720 [INFO] Shard ID 0 has successfully RESUMED session c8c92b77485e08a5cd381365fc88b39e.
2025-02-13 17:08:59,342 [INFO] Shard ID 0 has successfully RESUMED session c8c92b77485e08a5cd381365fc88b39e.
2025-02-13 17:19:01,580 [INFO] Shard ID 0 has successfully RESUMED session c8c92b77485e08a5cd381365fc88b39e.
2025-02-13 20:16:23,767 [INFO] Shard ID 0 has successfully RESUMED session c8c92b77485e08a5cd381365fc88b39e.
2025-02-13 20:42:33,295 [INFO] Shard ID 0 has successfully RESUMED session c8c92b77485e08a5cd381365fc88b39e.
2025-02-13 21:04:08,858 [INFO] Message from axon319: +poll MASTERS BANGKOK 1
2025-02-13 21:04:08,886 [INFO] Team 1: Edward Gaming, Team 2: Team Liquid, Points: 1
2025-02-13 21:04:08,886 [INFO] Team 1: DRX, Team 2: Sentinels, Points: 1
2025-02-13 21:04:08,886 [INFO] Team 1: G2 Esports, Team 2: Trace Esports, Points: 1
2025-02-13 21:04:08,886 [INFO] Team 1: Team Vitality, Team 2: T1, Points: 1
2025-02-13 21:17:50,776 [INFO] Shard ID 0 has successfully RESUMED session c8c92b77485e08a5cd381365fc88b39e.
2025-02-13 23:53:19,311 [INFO] Shard ID 0 has successfully RESUMED session c8c92b77485e08a5cd381365fc88b39e.
2025-02-14 01:19:08,418 [INFO] Shard ID 0 has successfully RESUMED session c8c92b77485e08a5cd381365fc88b39e.
2025-02-14 04:13:12,311 [INFO] Shard ID 0 has successfully RESUMED session c8c92b77485e08a5cd381365fc88b39e.
2025-02-14 06:02:51,076 [INFO] Shard ID 0 has successfully RESUMED session c8c92b77485e08a5cd381365fc88b39e.
2025-02-14 08:02:19,335 [INFO] Shard ID 0 has successfully RESUMED session c8c92b77485e08a5cd381365fc88b39e.
2025-02-14 08:21:36,671 [INFO] Shard ID 0 has successfully RESUMED session c8c92b77485e08a5cd381365fc88b39e.
2025-02-14 09:02:42,088 [INFO] Shard ID 0 has successfully RESUMED session c8c92b77485e08a5cd381365fc88b39e.
2025-02-14 09:03:48,711 [INFO] Shard ID 0 has successfully RESUMED session c8c92b77485e08a5cd381365fc88b39e.
2025-02-14 10:59:46,397 [INFO] Shard ID 0 has successfully RESUMED session c8c92b77485e08a5cd381365fc88b39e.
2025-02-14 12:13:02,228 [INFO] Shard ID 0 has successfully RESUMED session c8c92b77485e08a5cd381365fc88b39e.
2025-02-14 13:50:21,559 [INFO] Shard ID 0 has successfully RESUMED session c8c92b77485e08a5cd381365fc88b39e.
2025-02-14 16:03:41,012 [INFO] Shard ID 0 has successfully RESUMED session c8c92b77485e08a5cd381365fc88b39e.
2025-02-14 16:08:05,818 [INFO] Message from axon319: +poll MASTERS BANGKOK 1
2025-02-14 16:08:05,822 [INFO] Team 1: Edward Gaming, Team 2: Team Liquid, Points: 1
2025-02-14 16:08:05,822 [INFO] Team 1: DRX, Team 2: Sentinels, Points: 1
2025-02-14 16:08:05,822 [INFO] Team 1: G2 Esports, Team 2: Trace Esports, Points: 1
2025-02-14 16:08:05,822 [INFO] Team 1: Team Vitality, Team 2: T1, Points: 1
2025-02-14 16:26:25,355 [INFO] Shard ID 0 has successfully RESUMED session c8c92b77485e08a5cd381365fc88b39e.
2025-02-14 19:00:04,551 [INFO] Shard ID 0 has successfully RESUMED session c8c92b77485e08a5cd381365fc88b39e.
2025-02-14 20:16:40,171 [INFO] Shard ID 0 has successfully RESUMED session c8c92b77485e08a5cd381365fc88b39e.
2025-02-14 22:55:40,767 [INFO] Shard ID 0 has successfully RESUMED session c8c92b77485e08a5cd381365fc88b39e.
2025-02-15 00:19:55,825 [INFO] Shard ID 0 has successfully RESUMED session c8c92b77485e08a5cd381365fc88b39e.
2025-02-15 00:47:06,541 [INFO] Shard ID 0 has successfully RESUMED session c8c92b77485e08a5cd381365fc88b39e.
2025-02-15 04:24:39,036 [INFO] Shard ID 0 has successfully RESUMED session c8c92b77485e08a5cd381365fc88b39e.
2025-02-15 08:23:42,898 [INFO] Shard ID 0 has successfully RESUMED session c8c92b77485e08a5cd381365fc88b39e.
2025-02-15 10:33:53,604 [INFO] Shard ID 0 has successfully RESUMED session c8c92b77485e08a5cd381365fc88b39e.
2025-02-15 13:27:29,119 [INFO] Shard ID 0 has successfully RESUMED session c8c92b77485e08a5cd381365fc88b39e.
2025-02-15 14:29:06,400 [INFO] Shard ID 0 has successfully RESUMED session c8c92b77485e08a5cd381365fc88b39e.
2025-02-15 17:46:38,925 [INFO] Shard ID 0 has successfully RESUMED session c8c92b77485e08a5cd381365fc88b39e.
2025-02-15 18:40:27,512 [INFO] Shard ID 0 has successfully RESUMED session c8c92b77485e08a5cd381365fc88b39e.
2025-02-15 20:37:00,767 [INFO] Shard ID 0 has successfully RESUMED session c8c92b77485e08a5cd381365fc88b39e.
2025-02-16 00:31:21,213 [INFO] Shard ID 0 has successfully RESUMED session c8c92b77485e08a5cd381365fc88b39e.
2025-02-16 02:19:50,435 [INFO] Shard ID 0 has successfully RESUMED session c8c92b77485e08a5cd381365fc88b39e.
2025-02-16 06:13:26,479 [INFO] Shard ID 0 has successfully RESUMED session c8c92b77485e08a5cd381365fc88b39e.
2025-02-16 09:38:11,015 [INFO] Shard ID 0 has successfully RESUMED session c8c92b77485e08a5cd381365fc88b39e.
2025-02-16 10:30:00,893 [INFO] Shard ID 0 has successfully RESUMED session c8c92b77485e08a5cd381365fc88b39e.
2025-02-16 12:50:56,137 [INFO] Shard ID 0 has successfully RESUMED session c8c92b77485e08a5cd381365fc88b39e.
2025-02-16 15:55:14,645 [INFO] Shard ID 0 has successfully RESUMED session c8c92b77485e08a5cd381365fc88b39e.
2025-02-16 17:00:08,593 [INFO] Shard ID 0 has successfully RESUMED session c8c92b77485e08a5cd381365fc88b39e.
2025-02-16 17:41:02,303 [INFO] Shard ID 0 has successfully RESUMED session c8c92b77485e08a5cd381365fc88b39e.
2025-02-16 19:05:43,267 [INFO] Shard ID 0 has successfully RESUMED session c8c92b77485e08a5cd381365fc88b39e.
2025-02-16 20:51:13,268 [INFO] Shard ID 0 has successfully RESUMED session c8c92b77485e08a5cd381365fc88b39e.
2025-02-16 21:30:50,661 [INFO] Shard ID 0 has successfully RESUMED session c8c92b77485e08a5cd381365fc88b39e.
2025-02-16 21:46:13,760 [INFO] Shard ID 0 has successfully RESUMED session c8c92b77485e08a5cd381365fc88b39e.
2025-02-17 00:03:24,054 [INFO] Shard ID 0 has successfully RESUMED session c8c92b77485e08a5cd381365fc88b39e.
2025-02-17 01:22:33,153 [INFO] Shard ID 0 has successfully RESUMED session c8c92b77485e08a5cd381365fc88b39e.
2025-02-17 03:20:31,572 [INFO] Shard ID 0 has successfully RESUMED session c8c92b77485e08a5cd381365fc88b39e.
2025-02-17 04:23:15,602 [INFO] Shard ID 0 has successfully RESUMED session c8c92b77485e08a5cd381365fc88b39e.
2025-02-17 04:34:59,720 [INFO] Shard ID 0 has successfully RESUMED session c8c92b77485e08a5cd381365fc88b39e.
2025-02-17 05:10:03,067 [INFO] Shard ID 0 has successfully RESUMED session c8c92b77485e08a5cd381365fc88b39e.
2025-02-17 06:19:46,541 [INFO] Shard ID 0 has successfully RESUMED session c8c92b77485e08a5cd381365fc88b39e.
2025-02-17 07:23:24,886 [INFO] Shard ID 0 has successfully RESUMED session c8c92b77485e08a5cd381365fc88b39e.
2025-02-17 08:13:48,279 [INFO] Shard ID 0 has successfully RESUMED session c8c92b77485e08a5cd381365fc88b39e.
2025-02-17 08:44:49,126 [INFO] Shard ID 0 has successfully RESUMED session c8c92b77485e08a5cd381365fc88b39e.
2025-02-17 09:08:30,937 [INFO] Shard ID 0 has successfully RESUMED session c8c92b77485e08a5cd381365fc88b39e.
2025-02-17 11:53:58,502 [INFO] Shard ID 0 has successfully RESUMED session c8c92b77485e08a5cd381365fc88b39e.
2025-02-17 13:15:16,650 [INFO] Shard ID 0 has successfully RESUMED session c8c92b77485e08a5cd381365fc88b39e.
2025-02-17 13:34:40,453 [INFO] Shard ID 0 has successfully RESUMED session c8c92b77485e08a5cd381365fc88b39e.
2025-02-17 13:57:39,466 [INFO] Shard ID 0 has successfully RESUMED session c8c92b77485e08a5cd381365fc88b39e.
2025-02-17 16:30:16,398 [INFO] Shard ID 0 has successfully RESUMED session c8c92b77485e08a5cd381365fc88b39e.
2025-02-17 16:36:09,922 [INFO] Shard ID 0 has successfully RESUMED session c8c92b77485e08a5cd381365fc88b39e.
2025-02-17 18:18:41,521 [INFO] Shard ID 0 has successfully RESUMED session c8c92b77485e08a5cd381365fc88b39e.
2025-02-17 19:02:43,749 [INFO] Shard ID 0 has successfully RESUMED session c8c92b77485e08a5cd381365fc88b39e.
2025-02-17 22:13:36,793 [INFO] Shard ID 0 has successfully RESUMED session c8c92b77485e08a5cd381365fc88b39e.
2025-02-17 22:31:41,749 [INFO] Shard ID 0 has successfully RESUMED session c8c92b77485e08a5cd381365fc88b39e.
2025-02-18 01:05:04,571 [INFO] Shard ID 0 has successfully RESUMED session c8c92b77485e08a5cd381365fc88b39e.
2025-02-18 04:03:23,048 [INFO] Shard ID 0 has successfully RESUMED session c8c92b77485e08a5cd381365fc88b39e.
2025-02-18 05:17:54,220 [INFO] Shard ID 0 has successfully RESUMED session c8c92b77485e08a5cd381365fc88b39e.
2025-02-18 07:50:04,807 [INFO] Shard ID 0 has successfully RESUMED session c8c92b77485e08a5cd381365fc88b39e.
2025-02-18 08:56:40,792 [INFO] Shard ID 0 has successfully RESUMED session c8c92b77485e08a5cd381365fc88b39e.
2025-02-18 12:41:30,009 [INFO] Shard ID 0 has successfully RESUMED session c8c92b77485e08a5cd381365fc88b39e.
2025-02-18 15:04:20,908 [INFO] Shard ID 0 has successfully RESUMED session c8c92b77485e08a5cd381365fc88b39e.
2025-02-18 15:17:09,703 [INFO] Shard ID 0 has successfully RESUMED session c8c92b77485e08a5cd381365fc88b39e.
2025-02-18 15:38:27,937 [INFO] Shard ID 0 has successfully RESUMED session c8c92b77485e08a5cd381365fc88b39e.
2025-02-18 16:40:59,347 [INFO] Shard ID 0 has successfully RESUMED session c8c92b77485e08a5cd381365fc88b39e.
2025-02-18 18:33:08,269 [INFO] Shard ID 0 has successfully RESUMED session c8c92b77485e08a5cd381365fc88b39e.
2025-02-18 19:24:14,459 [INFO] Shard ID 0 has successfully RESUMED session c8c92b77485e08a5cd381365fc88b39e.
2025-02-18 23:14:53,487 [INFO] Shard ID 0 has successfully RESUMED session c8c92b77485e08a5cd381365fc88b39e.
2025-02-18 23:41:30,071 [INFO] Shard ID 0 has successfully RESUMED session c8c92b77485e08a5cd381365fc88b39e.
2025-02-18 23:47:42,607 [INFO] Shard ID 0 has successfully RESUMED session c8c92b77485e08a5cd381365fc88b39e.
2025-02-18 23:55:38,295 [INFO] Shard ID 0 has successfully RESUMED session c8c92b77485e08a5cd381365fc88b39e.
2025-02-19 00:20:06,575 [INFO] Shard ID 0 has successfully RESUMED session c8c92b77485e08a5cd381365fc88b39e.
2025-02-19 00:43:30,835 [INFO] Shard ID 0 has successfully RESUMED session c8c92b77485e08a5cd381365fc88b39e.
2025-02-19 03:58:33,057 [INFO] Shard ID 0 has successfully RESUMED session c8c92b77485e08a5cd381365fc88b39e.
2025-02-19 04:18:14,238 [INFO] Shard ID 0 has successfully RESUMED session c8c92b77485e08a5cd381365fc88b39e.
2025-02-19 07:41:18,060 [INFO] Shard ID 0 has successfully RESUMED session c8c92b77485e08a5cd381365fc88b39e.
2025-02-19 08:52:40,314 [INFO] Shard ID 0 has successfully RESUMED session c8c92b77485e08a5cd381365fc88b39e.
2025-02-19 10:26:40,873 [INFO] Shard ID 0 has successfully RESUMED session c8c92b77485e08a5cd381365fc88b39e.
2025-02-19 10:51:23,391 [INFO] Shard ID 0 has successfully RESUMED session c8c92b77485e08a5cd381365fc88b39e.
2025-02-19 14:26:00,962 [INFO] Shard ID 0 has successfully RESUMED session c8c92b77485e08a5cd381365fc88b39e.
2025-02-19 16:50:48,416 [INFO] Shard ID 0 has successfully RESUMED session c8c92b77485e08a5cd381365fc88b39e.
2025-02-19 17:42:19,891 [INFO] Shard ID 0 has successfully RESUMED session c8c92b77485e08a5cd381365fc88b39e.
2025-02-19 18:32:19,968 [INFO] Shard ID 0 has successfully RESUMED session c8c92b77485e08a5cd381365fc88b39e.
2025-02-19 20:06:00,866 [INFO] Shard ID 0 has successfully RESUMED session c8c92b77485e08a5cd381365fc88b39e.
2025-02-19 21:52:38,046 [INFO] Shard ID 0 has successfully RESUMED session c8c92b77485e08a5cd381365fc88b39e.
2025-02-19 22:00:22,377 [INFO] Shard ID 0 has successfully RESUMED session c8c92b77485e08a5cd381365fc88b39e.
2025-02-19 23:13:36,981 [INFO] Shard ID 0 has successfully RESUMED session c8c92b77485e08a5cd381365fc88b39e.
2025-02-20 00:02:37,590 [INFO] Shard ID 0 has successfully RESUMED session c8c92b77485e08a5cd381365fc88b39e.
2025-02-20 00:38:32,324 [INFO] Shard ID 0 has successfully RESUMED session c8c92b77485e08a5cd381365fc88b39e.
2025-02-20 01:38:46,135 [INFO] Shard ID 0 has successfully RESUMED session c8c92b77485e08a5cd381365fc88b39e.
2025-02-20 02:34:37,380 [INFO] Shard ID 0 has successfully RESUMED session c8c92b77485e08a5cd381365fc88b39e.
2025-02-20 06:00:42,523 [INFO] Shard ID 0 has successfully RESUMED session c8c92b77485e08a5cd381365fc88b39e.
2025-02-20 07:03:59,033 [INFO] Shard ID 0 has successfully RESUMED session c8c92b77485e08a5cd381365fc88b39e.
2025-02-20 07:23:28,347 [INFO] Shard ID 0 has successfully RESUMED session c8c92b77485e08a5cd381365fc88b39e.
2025-02-20 08:23:52,107 [INFO] Shard ID 0 has successfully RESUMED session c8c92b77485e08a5cd381365fc88b39e.
2025-02-20 09:56:20,619 [INFO] Shard ID 0 has successfully RESUMED session c8c92b77485e08a5cd381365fc88b39e.
2025-02-20 09:56:59,205 [INFO] Message from axon319: +record MASTERS BANGKOK 1
2025-02-20 09:57:05,615 [INFO] File and list created: {'Command': 'record', 'League': 'MASTERS', 'Type': 'BANGKOK', 'Day': 1}
2025-02-20 09:57:05,615 [INFO] Game 1
2025-02-20 09:57:06,122 [INFO] <:EDG:1113552055173394503> has count: 25
2025-02-20 09:57:09,961 [INFO] <:LIQUID:1088622526214713445> has count: 7
2025-02-20 09:57:10,828 [INFO] Game is now closed
2025-02-20 09:57:10,828 [INFO] Game 2
2025-02-20 09:57:11,394 [INFO] <:DRX:1088622644586348704> has count: 8
2025-02-20 09:57:11,568 [INFO] <:AME_SEN:1038562021664370758> has count: 26
2025-02-20 09:57:11,615 [INFO] Game is now closed
2025-02-20 09:57:11,615 [INFO] Game 3
2025-02-20 09:57:12,079 [INFO] <:G2:1191932292059373668> has count: 31
2025-02-20 09:57:12,354 [INFO] <:TRACE:1191928242890883143> has count: 3
2025-02-20 09:57:12,393 [INFO] Game is now closed
2025-02-20 09:57:12,394 [INFO] Game 4
2025-02-20 09:57:16,381 [INFO] <:VIT:1088622561245536266> has count: 31
2025-02-20 09:57:16,575 [INFO] <:T1:1088622656175226961> has count: 3
2025-02-20 09:57:16,617 [INFO] Game is now closed
2025-02-20 12:03:48,099 [INFO] Shard ID 0 has successfully RESUMED session c8c92b77485e08a5cd381365fc88b39e.
2025-02-20 13:09:26,757 [INFO] Shard ID 0 has successfully RESUMED session c8c92b77485e08a5cd381365fc88b39e.
2025-02-20 16:01:24,995 [INFO] Shard ID 0 has successfully RESUMED session c8c92b77485e08a5cd381365fc88b39e.
2025-02-20 16:26:27,759 [INFO] Shard ID 0 has successfully RESUMED session c8c92b77485e08a5cd381365fc88b39e.
2025-02-20 20:26:19,115 [INFO] Shard ID 0 has successfully RESUMED session c8c92b77485e08a5cd381365fc88b39e.
2025-02-20 21:24:05,538 [INFO] Message from axon319: +help
2025-02-20 21:27:15,455 [INFO] Shard ID 0 has successfully RESUMED session c8c92b77485e08a5cd381365fc88b39e.
2025-02-20 21:38:07,272 [INFO] Message from axon319: +rank BANGKOK
2025-02-20 21:38:25,527 [INFO] Message from axon319: +rank
2025-02-20 21:45:19,130 [INFO] Shard ID 0 has successfully RESUMED session c8c92b77485e08a5cd381365fc88b39e.
2025-02-20 23:48:23,933 [INFO] Message from dyehttodptw: +rank
2025-02-21 00:02:22,993 [INFO] Shard ID 0 has successfully RESUMED session c8c92b77485e08a5cd381365fc88b39e.
2025-02-21 03:26:32,358 [INFO] Shard ID 0 has successfully RESUMED session c8c92b77485e08a5cd381365fc88b39e.
2025-02-21 06:01:22,517 [INFO] Shard ID 0 has successfully RESUMED session c8c92b77485e08a5cd381365fc88b39e.
2025-02-21 09:10:38,119 [INFO] Shard ID 0 has successfully RESUMED session c8c92b77485e08a5cd381365fc88b39e.
2025-02-21 11:05:33,686 [INFO] Shard ID 0 has successfully RESUMED session c8c92b77485e08a5cd381365fc88b39e.
2025-02-21 11:34:07,703 [INFO] Shard ID 0 has successfully RESUMED session c8c92b77485e08a5cd381365fc88b39e.
2025-02-21 14:28:47,368 [INFO] Message from lyclipz: +rank BANGKOK
2025-02-21 14:41:31,367 [INFO] Message from urjokingright: +rank BANGKOK
2025-02-21 14:42:55,158 [INFO] Message from axon319: +poll MASTERS BANGKOK 2
2025-02-21 14:42:55,165 [INFO] Team 1: DRX, Team 2: Team Vitality, Points: 1
2025-02-21 14:42:55,165 [INFO] Team 1: Edward Gaming, Team 2: G2 Esports, Points: 1
2025-02-21 14:42:55,166 [INFO] Team 1: T1, Team 2: Trace Esports, Points: 1
2025-02-21 14:42:55,166 [INFO] Team 1: Sentinels, Team 2: Team Liquid, Points: 1
2025-02-21 15:25:44,908 [INFO] Shard ID 0 has successfully RESUMED session c8c92b77485e08a5cd381365fc88b39e.
2025-02-21 15:55:33,260 [INFO] Message from axon319: +rank
2025-02-21 16:15:58,484 [INFO] Shard ID 0 has successfully RESUMED session c8c92b77485e08a5cd381365fc88b39e.
2025-02-21 16:51:15,333 [INFO] Message from lyclipz: +rank
2025-02-21 18:22:09,731 [INFO] Shard ID 0 has successfully RESUMED session c8c92b77485e08a5cd381365fc88b39e.
2025-02-21 18:58:03,950 [INFO] Shard ID 0 has successfully RESUMED session c8c92b77485e08a5cd381365fc88b39e.
2025-02-21 18:58:31,488 [INFO] Shard ID 0 has successfully RESUMED session c8c92b77485e08a5cd381365fc88b39e.
2025-02-21 19:01:01,509 [INFO] Message from tyottoyt: +rank
2025-02-21 19:14:28,815 [INFO] Shard ID 0 has successfully RESUMED session c8c92b77485e08a5cd381365fc88b39e.
2025-02-21 20:23:56,022 [INFO] Shard ID 0 has successfully RESUMED session c8c92b77485e08a5cd381365fc88b39e.
2025-02-21 21:03:39,282 [INFO] Shard ID 0 has successfully RESUMED session c8c92b77485e08a5cd381365fc88b39e.
2025-02-21 21:15:47,130 [INFO] Message from korusumi: +rank
2025-02-21 21:31:09,876 [INFO] Message from bdubsz: +rank
2025-02-21 21:58:15,016 [INFO] Shard ID 0 has successfully RESUMED session c8c92b77485e08a5cd381365fc88b39e.
2025-02-21 22:59:02,147 [INFO] Shard ID 0 has successfully RESUMED session c8c92b77485e08a5cd381365fc88b39e.
2025-02-22 01:40:36,715 [INFO] Shard ID 0 has successfully RESUMED session c8c92b77485e08a5cd381365fc88b39e.
2025-02-22 02:28:10,688 [INFO] Shard ID 0 has successfully RESUMED session c8c92b77485e08a5cd381365fc88b39e.
2025-02-22 04:01:20,321 [INFO] Shard ID 0 has successfully RESUMED session c8c92b77485e08a5cd381365fc88b39e.
2025-02-22 04:06:49,627 [INFO] Shard ID 0 has successfully RESUMED session c8c92b77485e08a5cd381365fc88b39e.
2025-02-22 04:39:40,773 [INFO] Shard ID 0 has successfully RESUMED session c8c92b77485e08a5cd381365fc88b39e.
2025-02-22 04:47:28,160 [INFO] Shard ID 0 has successfully RESUMED session c8c92b77485e08a5cd381365fc88b39e.
2025-02-22 07:14:43,523 [INFO] Shard ID 0 has successfully RESUMED session c8c92b77485e08a5cd381365fc88b39e.
2025-02-22 08:23:08,614 [INFO] Shard ID 0 has successfully RESUMED session c8c92b77485e08a5cd381365fc88b39e.
2025-02-22 10:46:37,127 [INFO] Shard ID 0 has successfully RESUMED session c8c92b77485e08a5cd381365fc88b39e.
2025-02-22 11:46:28,732 [INFO] Shard ID 0 has successfully RESUMED session c8c92b77485e08a5cd381365fc88b39e.
2025-02-22 12:09:08,406 [INFO] Message from axon319: +record MASTERS BANGKOK 2
2025-02-22 12:09:14,679 [INFO] File and list created: {'Command': 'record', 'League': 'MASTERS', 'Type': 'BANGKOK', 'Day': 2}
2025-02-22 12:09:14,679 [INFO] Game 1
2025-02-22 12:09:15,059 [INFO] <:DRX:1088622644586348704> has count: 16
2025-02-22 12:09:19,085 [INFO] <:VIT:1088622561245536266> has count: 19
2025-02-22 12:09:19,173 [INFO] Game is now closed
2025-02-22 12:09:19,173 [INFO] Game 2
2025-02-22 12:09:19,578 [INFO] <:EDG:1113552055173394503> has count: 5
2025-02-22 12:09:19,798 [INFO] <:G2:1191932292059373668> has count: 30
2025-02-22 12:09:19,843 [INFO] Game is now closed
2025-02-22 12:09:19,843 [INFO] Game 3
2025-02-22 12:09:20,264 [INFO] <:T1:1088622656175226961> has count: 24
2025-02-22 12:09:20,487 [INFO] <:TRACE:1191928242890883143> has count: 11
2025-02-22 12:09:20,528 [INFO] Game is now closed
2025-02-22 12:09:20,529 [INFO] Game 4
2025-02-22 12:09:24,565 [INFO] <:AME_SEN:1038562021664370758> has count: 32
2025-02-22 12:09:24,758 [INFO] <:LIQUID:1088622526214713445> has count: 6
2025-02-22 12:09:24,801 [INFO] Game is now closed
2025-02-22 13:12:20,745 [INFO] Shard ID 0 has successfully RESUMED session c8c92b77485e08a5cd381365fc88b39e.
2025-02-22 16:25:59,223 [INFO] Shard ID 0 has successfully RESUMED session c8c92b77485e08a5cd381365fc88b39e.
2025-02-22 19:13:33,622 [INFO] Message from tyottoyt: +rank
2025-02-22 20:12:20,373 [INFO] Message from urjokingright: +rank
2025-02-22 20:12:27,520 [INFO] Message from urjokingright: +rank all
2025-02-22 20:17:54,630 [INFO] Shard ID 0 has successfully RESUMED session c8c92b77485e08a5cd381365fc88b39e.
2025-02-22 22:54:15,759 [INFO] Message from axon319: +rank
2025-02-22 23:37:20,267 [INFO] Shard ID 0 has successfully RESUMED session c8c92b77485e08a5cd381365fc88b39e.
2025-02-23 02:23:52,560 [INFO] Shard ID 0 has successfully RESUMED session c8c92b77485e08a5cd381365fc88b39e.
2025-02-23 04:22:49,402 [INFO] Shard ID 0 has successfully RESUMED session c8c92b77485e08a5cd381365fc88b39e.
2025-02-23 07:54:52,490 [INFO] Shard ID 0 has successfully RESUMED session c8c92b77485e08a5cd381365fc88b39e.
2025-02-23 11:29:40,261 [INFO] Shard ID 0 has successfully RESUMED session c8c92b77485e08a5cd381365fc88b39e.
2025-02-23 14:29:09,048 [INFO] Shard ID 0 has successfully RESUMED session c8c92b77485e08a5cd381365fc88b39e.
2025-02-23 14:54:25,442 [INFO] Message from bdubsz: +rank
2025-02-23 14:54:44,631 [INFO] Message from bdubsz: +rank all
2025-02-23 15:30:06,654 [INFO] Message from urjokingright: +rank
2025-02-23 16:16:34,279 [INFO] Message from kayfourfour: +rank
2025-02-23 17:17:06,103 [INFO] Shard ID 0 has successfully RESUMED session c8c92b77485e08a5cd381365fc88b39e.
2025-02-23 17:23:50,266 [INFO] Message from axon319: +poll MASTERS BANGKOK 3
2025-02-23 17:23:50,272 [INFO] Team 1: DRX, Team 2: T1, Points: 1
2025-02-23 17:23:50,272 [INFO] Team 1: G2 Esports, Team 2: Team Liquid, Points: 1
2025-02-23 17:24:13,210 [INFO] Message from axon319: +rank
2025-02-23 17:27:37,837 [INFO] Message from urjokingright: +rank
2025-02-23 17:27:44,408 [INFO] Message from urjokingright: +rank all
2025-02-23 17:35:39,042 [INFO] Message from beast6217: +rank
2025-02-23 17:35:52,172 [INFO] Message from beast6217: +rank all
2025-02-23 17:59:15,081 [INFO] Message from kayfourfour: +rank
2025-02-23 17:59:18,277 [INFO] Message from kayfourfour: +rank all
2025-02-23 18:18:55,460 [INFO] Shard ID 0 has successfully RESUMED session c8c92b77485e08a5cd381365fc88b39e.
2025-02-23 21:41:38,529 [INFO] Message from ponk8575: +rank
2025-02-23 21:51:49,835 [INFO] Message from korusumi: +rank
2025-02-23 21:54:38,042 [INFO] Shard ID 0 has successfully RESUMED session c8c92b77485e08a5cd381365fc88b39e.
2025-02-23 22:29:36,786 [INFO] Shard ID 0 has successfully RESUMED session c8c92b77485e08a5cd381365fc88b39e.
2025-02-24 00:01:36,401 [INFO] Shard ID 0 has successfully RESUMED session c8c92b77485e08a5cd381365fc88b39e.
2025-02-24 02:46:56,547 [INFO] Shard ID 0 has successfully RESUMED session c8c92b77485e08a5cd381365fc88b39e.
2025-02-24 04:14:34,727 [INFO] Shard ID 0 has successfully RESUMED session c8c92b77485e08a5cd381365fc88b39e.
2025-02-24 05:51:13,432 [INFO] Shard ID 0 has successfully RESUMED session c8c92b77485e08a5cd381365fc88b39e.
2025-02-24 08:18:06,723 [INFO] Shard ID 0 has successfully RESUMED session c8c92b77485e08a5cd381365fc88b39e.
2025-02-24 08:42:54,386 [INFO] Shard ID 0 has successfully RESUMED session c8c92b77485e08a5cd381365fc88b39e.
2025-02-24 09:03:50,977 [INFO] Shard ID 0 has successfully RESUMED session c8c92b77485e08a5cd381365fc88b39e.
2025-02-24 09:59:55,637 [INFO] Shard ID 0 has successfully RESUMED session c8c92b77485e08a5cd381365fc88b39e.
2025-02-24 10:02:07,614 [INFO] Message from axon319: +record MASTERS BANGKOK 3
2025-02-24 10:02:08,752 [INFO] File and list created: {'Command': 'record', 'League': 'MASTERS', 'Type': 'BANGKOK', 'Day': 3}
2025-02-24 10:02:08,753 [INFO] Game 1
2025-02-24 10:02:13,097 [INFO] <:DRX:1088622644586348704> has count: 33
2025-02-24 10:02:13,310 [INFO] <:T1:1088622656175226961> has count: 1
2025-02-24 10:02:13,405 [INFO] Game is now closed
2025-02-24 10:02:13,405 [INFO] Game 2
2025-02-24 10:02:13,821 [INFO] <:G2:1191932292059373668> has count: 30
2025-02-24 10:02:13,997 [INFO] <:LIQUID:1088622526214713445> has count: 4
2025-02-24 10:02:14,042 [INFO] Game is now closed
2025-02-24 11:18:15,088 [INFO] Shard ID 0 has successfully RESUMED session c8c92b77485e08a5cd381365fc88b39e.
2025-02-24 12:05:38,896 [INFO] Shard ID 0 has successfully RESUMED session c8c92b77485e08a5cd381365fc88b39e.
2025-02-24 12:35:22,865 [INFO] Shard ID 0 has successfully RESUMED session c8c92b77485e08a5cd381365fc88b39e.
2025-02-24 15:36:00,762 [INFO] Shard ID 0 has successfully RESUMED session c8c92b77485e08a5cd381365fc88b39e.
2025-02-24 16:25:42,921 [INFO] Message from tyottoyt: +rank
2025-02-24 16:37:31,452 [INFO] Message from bdubsz: +rank
2025-02-24 16:58:19,519 [INFO] Shard ID 0 has successfully RESUMED session c8c92b77485e08a5cd381365fc88b39e.
2025-02-24 17:21:36,601 [INFO] Shard ID 0 has successfully RESUMED session c8c92b77485e08a5cd381365fc88b39e.
2025-02-24 19:09:25,007 [INFO] Shard ID 0 has successfully RESUMED session c8c92b77485e08a5cd381365fc88b39e.
2025-02-24 20:53:29,024 [INFO] Shard ID 0 has successfully RESUMED session c8c92b77485e08a5cd381365fc88b39e.
2025-02-24 21:26:57,841 [INFO] Shard ID 0 has successfully RESUMED session c8c92b77485e08a5cd381365fc88b39e.
2025-02-24 21:33:01,896 [INFO] Shard ID 0 has successfully RESUMED session c8c92b77485e08a5cd381365fc88b39e.
2025-02-24 21:53:31,607 [INFO] Shard ID 0 has successfully RESUMED session c8c92b77485e08a5cd381365fc88b39e.
2025-02-24 21:53:49,141 [INFO] Shard ID 0 has successfully RESUMED session c8c92b77485e08a5cd381365fc88b39e.
2025-02-24 22:35:53,523 [INFO] Shard ID 0 has successfully RESUMED session c8c92b77485e08a5cd381365fc88b39e.
2025-02-25 01:54:13,318 [INFO] Message from willyy871: +rank
2025-02-25 02:08:33,459 [INFO] Shard ID 0 has successfully RESUMED session c8c92b77485e08a5cd381365fc88b39e.
2025-02-25 02:45:24,113 [INFO] Shard ID 0 has successfully RESUMED session c8c92b77485e08a5cd381365fc88b39e.
2025-02-25 04:57:05,920 [INFO] Message from axon319: +poll MASTERS BANGKOK 4
2025-02-25 04:57:05,923 [INFO] Team 1: Edward Gaming, Team 2: T1, Points: 1
2025-02-25 04:57:05,923 [INFO] Team 1: Team Vitality, Team 2: G2 Esports, Points: 1
2025-02-25 04:57:33,267 [INFO] Message from axon319: +rank
2025-02-25 04:57:39,114 [INFO] Message from axon319: +leaderboard
2025-02-25 05:49:37,244 [INFO] Shard ID 0 has successfully RESUMED session c8c92b77485e08a5cd381365fc88b39e.
2025-02-25 07:56:44,487 [INFO] Message from korusumi: +rank
2025-02-25 07:57:23,824 [INFO] Shard ID 0 has successfully RESUMED session c8c92b77485e08a5cd381365fc88b39e.
2025-02-25 11:02:24,472 [INFO] Shard ID 0 has successfully RESUMED session c8c92b77485e08a5cd381365fc88b39e.
2025-02-25 11:12:09,352 [INFO] Shard ID 0 has successfully RESUMED session c8c92b77485e08a5cd381365fc88b39e.
2025-02-25 12:27:31,516 [INFO] Message from urjokingright: +rank
2025-02-25 12:45:54,902 [INFO] Shard ID 0 has successfully RESUMED session c8c92b77485e08a5cd381365fc88b39e.
2025-02-25 15:00:29,411 [INFO] Shard ID 0 has successfully RESUMED session c8c92b77485e08a5cd381365fc88b39e.
2025-02-25 17:33:17,783 [INFO] Shard ID 0 has successfully RESUMED session c8c92b77485e08a5cd381365fc88b39e.
2025-02-25 17:56:24,426 [INFO] Shard ID 0 has successfully RESUMED session c8c92b77485e08a5cd381365fc88b39e.
2025-02-25 21:23:51,390 [INFO] Shard ID 0 has successfully RESUMED session c8c92b77485e08a5cd381365fc88b39e.
2025-02-25 21:31:28,117 [INFO] Shard ID 0 has successfully RESUMED session c8c92b77485e08a5cd381365fc88b39e.
2025-02-25 21:48:48,604 [INFO] Shard ID 0 has successfully RESUMED session c8c92b77485e08a5cd381365fc88b39e.
2025-02-25 22:16:26,100 [INFO] Shard ID 0 has successfully RESUMED session c8c92b77485e08a5cd381365fc88b39e.
2025-02-26 00:17:27,196 [INFO] Shard ID 0 has successfully RESUMED session c8c92b77485e08a5cd381365fc88b39e.
2025-02-26 03:55:10,113 [INFO] Shard ID 0 has successfully RESUMED session c8c92b77485e08a5cd381365fc88b39e.
2025-02-26 06:20:18,770 [INFO] Shard ID 0 has successfully RESUMED session c8c92b77485e08a5cd381365fc88b39e.
2025-02-26 07:40:06,953 [INFO] Shard ID 0 has successfully RESUMED session c8c92b77485e08a5cd381365fc88b39e.
2025-02-26 08:21:06,832 [INFO] Shard ID 0 has successfully RESUMED session c8c92b77485e08a5cd381365fc88b39e.
2025-02-26 09:12:37,836 [INFO] Shard ID 0 has successfully RESUMED session c8c92b77485e08a5cd381365fc88b39e.
2025-02-26 10:39:19,936 [INFO] Shard ID 0 has successfully RESUMED session c8c92b77485e08a5cd381365fc88b39e.
2025-02-26 12:29:57,250 [INFO] Shard ID 0 has successfully RESUMED session c8c92b77485e08a5cd381365fc88b39e.
2025-02-26 13:24:21,935 [INFO] Shard ID 0 has successfully RESUMED session c8c92b77485e08a5cd381365fc88b39e.
2025-02-26 16:58:37,103 [INFO] Shard ID 0 has successfully RESUMED session c8c92b77485e08a5cd381365fc88b39e.
2025-02-26 20:24:27,532 [INFO] Shard ID 0 has successfully RESUMED session c8c92b77485e08a5cd381365fc88b39e.
2025-02-26 23:13:29,438 [INFO] Shard ID 0 has successfully RESUMED session c8c92b77485e08a5cd381365fc88b39e.
2025-02-26 23:51:21,966 [INFO] Shard ID 0 has successfully RESUMED session c8c92b77485e08a5cd381365fc88b39e.
2025-02-26 23:54:58,642 [INFO] Shard ID 0 has successfully RESUMED session c8c92b77485e08a5cd381365fc88b39e.
2025-02-27 02:08:30,980 [INFO] Shard ID 0 has successfully RESUMED session c8c92b77485e08a5cd381365fc88b39e.
2025-02-27 03:40:57,559 [INFO] Shard ID 0 has successfully RESUMED session c8c92b77485e08a5cd381365fc88b39e.
2025-02-27 05:49:02,671 [INFO] Message from joachjua: +rank
2025-02-27 05:55:00,089 [INFO] Shard ID 0 has successfully RESUMED session c8c92b77485e08a5cd381365fc88b39e.
2025-02-27 09:49:16,411 [INFO] Shard ID 0 has successfully RESUMED session c8c92b77485e08a5cd381365fc88b39e.
2025-02-27 10:09:23,781 [INFO] Shard ID 0 has successfully RESUMED session c8c92b77485e08a5cd381365fc88b39e.
2025-02-27 10:41:31,725 [INFO] Shard ID 0 has successfully RESUMED session c8c92b77485e08a5cd381365fc88b39e.
2025-02-27 13:02:48,020 [INFO] Shard ID 0 has successfully RESUMED session c8c92b77485e08a5cd381365fc88b39e.
2025-02-27 13:37:49,661 [INFO] Shard ID 0 has successfully RESUMED session c8c92b77485e08a5cd381365fc88b39e.
2025-02-27 14:18:10,227 [INFO] Message from axon319: +record MASTERS BANGKOK 4
2025-02-27 14:18:11,340 [INFO] File and list created: {'Command': 'record', 'League': 'MASTERS', 'Type': 'BANGKOK', 'Day': 4}
2025-02-27 14:18:11,340 [INFO] Game 1
2025-02-27 14:18:15,677 [INFO] <:EDG:1113552055173394503> has count: 34
2025-02-27 14:18:15,896 [INFO] <:T1:1088622656175226961> has count: 3
2025-02-27 14:18:15,956 [INFO] Game is now closed
2025-02-27 14:18:15,956 [INFO] Game 2
2025-02-27 14:18:16,399 [INFO] <:VIT:1088622561245536266> has count: 15
2025-02-27 14:18:16,565 [INFO] <:G2:1191932292059373668> has count: 22
2025-02-27 14:18:16,610 [INFO] Game is now closed
2025-02-27 15:27:40,882 [INFO] Shard ID 0 has successfully RESUMED session c8c92b77485e08a5cd381365fc88b39e.
2025-02-27 15:46:48,039 [INFO] Message from axon319: +leaderboard
2025-02-27 15:46:53,079 [INFO] Message from axon319: +rank
2025-02-27 15:47:35,755 [INFO] Message from axon319: +poll MASTERS BANGKOK 5
2025-02-27 15:47:35,759 [INFO] Team 1: Edward Gaming, Team 2: G2 Esports, Points: 1
2025-02-27 15:47:35,759 [INFO] Team 1: T1, Team 2: Team Vitality, Points: 1
2025-02-27 15:48:11,319 [INFO] Message from korusumi: +rank
2025-02-27 16:13:23,766 [INFO] Message from urjokingright: +rank
2025-02-27 16:40:45,251 [INFO] Shard ID 0 has successfully RESUMED session c8c92b77485e08a5cd381365fc88b39e.
2025-02-27 16:55:40,159 [INFO] Shard ID 0 has successfully RESUMED session c8c92b77485e08a5cd381365fc88b39e.
2025-02-27 18:09:05,441 [INFO] Message from tyottoyt: +rank
2025-02-27 18:47:14,854 [INFO] Shard ID 0 has successfully RESUMED session c8c92b77485e08a5cd381365fc88b39e.
2025-02-27 19:25:00,163 [INFO] Shard ID 0 has successfully RESUMED session c8c92b77485e08a5cd381365fc88b39e.
2025-02-27 21:31:45,938 [INFO] Shard ID 0 has successfully RESUMED session c8c92b77485e08a5cd381365fc88b39e.
2025-02-27 22:22:03,097 [INFO] Shard ID 0 has successfully RESUMED session c8c92b77485e08a5cd381365fc88b39e.
2025-02-27 23:31:43,363 [INFO] Shard ID 0 has successfully RESUMED session c8c92b77485e08a5cd381365fc88b39e.
2025-02-27 23:41:16,186 [INFO] Shard ID 0 has successfully RESUMED session c8c92b77485e08a5cd381365fc88b39e.
2025-02-28 00:03:02,448 [INFO] Shard ID 0 has successfully RESUMED session c8c92b77485e08a5cd381365fc88b39e.
2025-02-28 00:20:26,279 [INFO] Message from beast6217: +rank
2025-02-28 00:53:26,316 [INFO] Shard ID 0 has successfully RESUMED session c8c92b77485e08a5cd381365fc88b39e.
2025-02-28 01:36:47,627 [INFO] Shard ID 0 has successfully RESUMED session c8c92b77485e08a5cd381365fc88b39e.
2025-02-28 04:28:35,225 [INFO] Shard ID 0 has successfully RESUMED session c8c92b77485e08a5cd381365fc88b39e.
2025-02-28 05:23:56,925 [INFO] Shard ID 0 has successfully RESUMED session c8c92b77485e08a5cd381365fc88b39e.
2025-02-28 05:34:23,967 [INFO] Shard ID 0 has successfully RESUMED session c8c92b77485e08a5cd381365fc88b39e.
2025-02-28 05:54:37,322 [INFO] Shard ID 0 has successfully RESUMED session c8c92b77485e08a5cd381365fc88b39e.
2025-02-28 07:29:31,211 [ERROR] Attempting a reconnect for shard ID 0 in 0.95s
Traceback (most recent call last):
  File "/usr/local/lib/python3.10/dist-packages/discord/shard.py", line 192, in reidentify
    self.ws = await asyncio.wait_for(coro, timeout=60.0)
  File "/usr/lib/python3.10/asyncio/tasks.py", line 445, in wait_for
    return fut.result()
  File "/usr/local/lib/python3.10/dist-packages/discord/gateway.py", line 372, in from_client
    socket = await client.http.ws_connect(str(url))
  File "/usr/local/lib/python3.10/dist-packages/discord/http.py", line 537, in ws_connect
    return await self.__session.ws_connect(url, **kwargs)
  File "/usr/local/lib/python3.10/dist-packages/aiohttp/client.py", line 821, in _ws_connect
    raise WSServerHandshakeError(
aiohttp.client_exceptions.WSServerHandshakeError: 522, message='Invalid response status', url=URL('wss://gateway-us-east1-d.discord.gg/?v=10&encoding=json&compress=zlib-stream')
2025-02-28 07:30:30,040 [INFO] Shard ID 0 has connected to Gateway (Session ID: e9402f5ac438ceb6e34410e7d99215e8).
2025-02-28 07:30:32,366 [ERROR] Unclosed client session
client_session: <aiohttp.client.ClientSession object at 0x7f356c730070>
2025-02-28 07:30:32,368 [INFO] -------------
2025-02-28 07:30:32,369 [INFO] |VCT Poll Bot|
2025-02-28 07:30:32,369 [INFO] -------------
2025-02-28 07:30:39,462 [INFO] Shard ID 0 has successfully RESUMED session e9402f5ac438ceb6e34410e7d99215e8.
2025-02-28 08:00:28,864 [INFO] Shard ID 0 has successfully RESUMED session e9402f5ac438ceb6e34410e7d99215e8.
2025-02-28 08:31:14,619 [INFO] Shard ID 0 has successfully RESUMED session e9402f5ac438ceb6e34410e7d99215e8.
2025-02-28 08:35:19,274 [ERROR] Attempting a reconnect for shard ID 0 in 0.99s
Traceback (most recent call last):
  File "/usr/local/lib/python3.10/dist-packages/discord/shard.py", line 192, in reidentify
    self.ws = await asyncio.wait_for(coro, timeout=60.0)
  File "/usr/lib/python3.10/asyncio/tasks.py", line 445, in wait_for
    return fut.result()
  File "/usr/local/lib/python3.10/dist-packages/discord/gateway.py", line 372, in from_client
    socket = await client.http.ws_connect(str(url))
  File "/usr/local/lib/python3.10/dist-packages/discord/http.py", line 537, in ws_connect
    return await self.__session.ws_connect(url, **kwargs)
  File "/usr/local/lib/python3.10/dist-packages/aiohttp/client.py", line 821, in _ws_connect
    raise WSServerHandshakeError(
aiohttp.client_exceptions.WSServerHandshakeError: 522, message='Invalid response status', url=URL('wss://gateway-us-east1-b.discord.gg/?v=10&encoding=json&compress=zlib-stream')
2025-02-28 08:35:45,542 [INFO] Shard ID 0 session has been invalidated.
2025-02-28 08:35:51,307 [INFO] Shard ID 0 has connected to Gateway (Session ID: 44a85020d2658f9a11d3b846894fa825).
2025-02-28 08:35:53,512 [ERROR] Unclosed client session
client_session: <aiohttp.client.ClientSession object at 0x7f356c46d510>
2025-02-28 08:35:53,513 [INFO] -------------
2025-02-28 08:35:53,513 [INFO] |VCT Poll Bot|
2025-02-28 08:35:53,513 [INFO] -------------
2025-02-28 09:36:02,261 [INFO] Shard ID 0 has successfully RESUMED session 44a85020d2658f9a11d3b846894fa825.
2025-02-28 09:40:06,368 [ERROR] Attempting a reconnect for shard ID 0 in 1.89s
Traceback (most recent call last):
  File "/usr/local/lib/python3.10/dist-packages/discord/shard.py", line 192, in reidentify
    self.ws = await asyncio.wait_for(coro, timeout=60.0)
  File "/usr/lib/python3.10/asyncio/tasks.py", line 445, in wait_for
    return fut.result()
  File "/usr/local/lib/python3.10/dist-packages/discord/gateway.py", line 372, in from_client
    socket = await client.http.ws_connect(str(url))
  File "/usr/local/lib/python3.10/dist-packages/discord/http.py", line 537, in ws_connect
    return await self.__session.ws_connect(url, **kwargs)
  File "/usr/local/lib/python3.10/dist-packages/aiohttp/client.py", line 821, in _ws_connect
    raise WSServerHandshakeError(
aiohttp.client_exceptions.WSServerHandshakeError: 522, message='Invalid response status', url=URL('wss://gateway-us-east1-c.discord.gg/?v=10&encoding=json&compress=zlib-stream')
2025-02-28 09:40:33,292 [INFO] Shard ID 0 session has been invalidated.
2025-02-28 09:40:38,748 [INFO] Shard ID 0 has connected to Gateway (Session ID: 6061f65134f12aa6befa11d2f5d26435).
2025-02-28 09:40:40,901 [ERROR] Unclosed client session
client_session: <aiohttp.client.ClientSession object at 0x7f356c70a5f0>
2025-02-28 09:40:40,902 [INFO] -------------
2025-02-28 09:40:40,902 [INFO] |VCT Poll Bot|
2025-02-28 09:40:40,902 [INFO] -------------
2025-02-28 10:14:11,370 [INFO] Shard ID 0 has successfully RESUMED session 6061f65134f12aa6befa11d2f5d26435.
2025-02-28 10:14:52,902 [INFO] Shard ID 0 has successfully RESUMED session 6061f65134f12aa6befa11d2f5d26435.
2025-02-28 10:20:17,335 [ERROR] Attempting a reconnect for shard ID 0 in 1.15s
Traceback (most recent call last):
  File "/usr/local/lib/python3.10/dist-packages/discord/shard.py", line 192, in reidentify
    self.ws = await asyncio.wait_for(coro, timeout=60.0)
  File "/usr/lib/python3.10/asyncio/tasks.py", line 445, in wait_for
    return fut.result()
  File "/usr/local/lib/python3.10/dist-packages/discord/gateway.py", line 372, in from_client
    socket = await client.http.ws_connect(str(url))
  File "/usr/local/lib/python3.10/dist-packages/discord/http.py", line 537, in ws_connect
    return await self.__session.ws_connect(url, **kwargs)
  File "/usr/local/lib/python3.10/dist-packages/aiohttp/client.py", line 821, in _ws_connect
    raise WSServerHandshakeError(
aiohttp.client_exceptions.WSServerHandshakeError: 522, message='Invalid response status', url=URL('wss://gateway-us-east1-d.discord.gg/?v=10&encoding=json&compress=zlib-stream')
2025-02-28 10:20:26,359 [INFO] Shard ID 0 has connected to Gateway (Session ID: b889c3d3ea05ddfbb8e4823cb76c8dd4).
2025-02-28 10:20:28,666 [ERROR] Unclosed client session
client_session: <aiohttp.client.ClientSession object at 0x7f356c2fc100>
2025-02-28 10:20:28,667 [INFO] -------------
2025-02-28 10:20:28,667 [INFO] |VCT Poll Bot|
2025-02-28 10:20:28,667 [INFO] -------------
2025-02-28 10:20:36,551 [INFO] Shard ID 0 has successfully RESUMED session b889c3d3ea05ddfbb8e4823cb76c8dd4.
2025-02-28 11:25:55,764 [INFO] Shard ID 0 has successfully RESUMED session b889c3d3ea05ddfbb8e4823cb76c8dd4.
2025-02-28 11:26:45,049 [INFO] Shard ID 0 has successfully RESUMED session b889c3d3ea05ddfbb8e4823cb76c8dd4.
2025-02-28 11:35:20,188 [INFO] Shard ID 0 has successfully RESUMED session b889c3d3ea05ddfbb8e4823cb76c8dd4.
2025-02-28 11:35:34,328 [INFO] Shard ID 0 has successfully RESUMED session b889c3d3ea05ddfbb8e4823cb76c8dd4.
2025-02-28 11:54:20,279 [INFO] Shard ID 0 has successfully RESUMED session b889c3d3ea05ddfbb8e4823cb76c8dd4.
2025-02-28 12:08:29,570 [INFO] Shard ID 0 has successfully RESUMED session b889c3d3ea05ddfbb8e4823cb76c8dd4.
2025-02-28 12:14:43,290 [ERROR] Attempting a reconnect for shard ID 0 in 0.83s
Traceback (most recent call last):
  File "/usr/local/lib/python3.10/dist-packages/discord/shard.py", line 192, in reidentify
    self.ws = await asyncio.wait_for(coro, timeout=60.0)
  File "/usr/lib/python3.10/asyncio/tasks.py", line 445, in wait_for
    return fut.result()
  File "/usr/local/lib/python3.10/dist-packages/discord/gateway.py", line 372, in from_client
    socket = await client.http.ws_connect(str(url))
  File "/usr/local/lib/python3.10/dist-packages/discord/http.py", line 537, in ws_connect
    return await self.__session.ws_connect(url, **kwargs)
  File "/usr/local/lib/python3.10/dist-packages/aiohttp/client.py", line 821, in _ws_connect
    raise WSServerHandshakeError(
aiohttp.client_exceptions.WSServerHandshakeError: 522, message='Invalid response status', url=URL('wss://gateway-us-east1-b.discord.gg/?v=10&encoding=json&compress=zlib-stream')
2025-02-28 12:15:28,649 [INFO] Shard ID 0 has connected to Gateway (Session ID: e706162471d5dc8e1ae71ad8e91a758a).
2025-02-28 12:15:30,791 [ERROR] Unclosed client session
client_session: <aiohttp.client.ClientSession object at 0x7f356c46ce50>
2025-02-28 12:15:30,791 [INFO] -------------
2025-02-28 12:15:30,791 [INFO] |VCT Poll Bot|
2025-02-28 12:15:30,792 [INFO] -------------
2025-02-28 12:15:45,524 [INFO] Shard ID 0 has successfully RESUMED session e706162471d5dc8e1ae71ad8e91a758a.
2025-02-28 12:47:08,676 [INFO] Shard ID 0 has successfully RESUMED session e706162471d5dc8e1ae71ad8e91a758a.
2025-02-28 12:47:40,120 [INFO] Shard ID 0 has successfully RESUMED session e706162471d5dc8e1ae71ad8e91a758a.
2025-02-28 12:50:03,716 [INFO] Shard ID 0 has successfully RESUMED session e706162471d5dc8e1ae71ad8e91a758a.
2025-02-28 12:50:18,032 [INFO] Shard ID 0 has successfully RESUMED session e706162471d5dc8e1ae71ad8e91a758a.
2025-02-28 14:55:22,242 [INFO] Shard ID 0 has successfully RESUMED session e706162471d5dc8e1ae71ad8e91a758a.
2025-02-28 14:55:40,737 [INFO] Shard ID 0 has successfully RESUMED session e706162471d5dc8e1ae71ad8e91a758a.
2025-02-28 15:16:17,060 [INFO] Shard ID 0 has successfully RESUMED session e706162471d5dc8e1ae71ad8e91a758a.
2025-02-28 15:48:38,442 [INFO] Shard ID 0 has successfully RESUMED session e706162471d5dc8e1ae71ad8e91a758a.
2025-02-28 15:51:54,253 [INFO] Message from axon319: +record MASTERS BANGKOK 5
2025-02-28 15:51:55,730 [INFO] File and list created: {'Command': 'record', 'League': 'MASTERS', 'Type': 'BANGKOK', 'Day': 5}
2025-02-28 15:51:55,731 [INFO] Game 1
2025-02-28 15:51:59,774 [INFO] <:EDG:1113552055173394503> has count: 16
2025-02-28 15:52:00,038 [INFO] <:G2:1191932292059373668> has count: 18
2025-02-28 15:52:00,130 [INFO] Game is now closed
2025-02-28 15:52:00,131 [INFO] Game 2
2025-02-28 15:52:00,848 [INFO] <:T1:1088622656175226961> has count: 9
2025-02-28 15:52:01,057 [INFO] <:VIT:1088622561245536266> has count: 24
2025-02-28 15:52:01,095 [INFO] Game is now closed
2025-02-28 16:03:14,903 [INFO] Shard ID 0 has successfully RESUMED session e706162471d5dc8e1ae71ad8e91a758a.
2025-02-28 17:55:37,987 [INFO] Message from axon319: +poll MASTERS BANGKOK 6
2025-02-28 17:55:37,993 [INFO] Team 1: Edward Gaming, Team 2: T1, Points: 1
2025-02-28 17:56:16,134 [INFO] Message from urjokingright: +rank
2025-02-28 17:56:27,965 [INFO] Message from urjokingright: +rank all
2025-02-28 17:56:31,056 [INFO] Message from axon319: +rank
2025-02-28 17:56:34,042 [INFO] Message from axon319: +rank all
2025-02-28 18:14:34,990 [INFO] Shard ID 0 has successfully RESUMED session e706162471d5dc8e1ae71ad8e91a758a.
2025-02-28 18:22:47,055 [INFO] Message from tyottoyt: +rank
2025-02-28 18:22:56,305 [INFO] Message from tyottoyt: +rank all
2025-02-28 18:45:16,588 [INFO] Message from tilly_7: +rank
2025-02-28 19:05:42,048 [INFO] Shard ID 0 has successfully RESUMED session e706162471d5dc8e1ae71ad8e91a758a.
2025-02-28 19:55:29,316 [INFO] Shard ID 0 has successfully RESUMED session e706162471d5dc8e1ae71ad8e91a758a.
2025-02-28 21:29:23,671 [INFO] Shard ID 0 has successfully RESUMED session e706162471d5dc8e1ae71ad8e91a758a.
2025-02-28 22:47:54,430 [INFO] Shard ID 0 has successfully RESUMED session e706162471d5dc8e1ae71ad8e91a758a.
2025-03-01 00:28:13,378 [INFO] Shard ID 0 has successfully RESUMED session e706162471d5dc8e1ae71ad8e91a758a.
2025-03-01 01:00:42,300 [INFO] Message from narranette: +rank
2025-03-01 01:00:57,202 [INFO] Message from narranette: +rank all
2025-03-01 03:09:04,724 [INFO] Shard ID 0 has successfully RESUMED session e706162471d5dc8e1ae71ad8e91a758a.
2025-03-01 04:14:32,077 [INFO] Message from .joeyx: +rank
2025-03-01 06:39:20,239 [INFO] Shard ID 0 has successfully RESUMED session e706162471d5dc8e1ae71ad8e91a758a.
2025-03-01 08:34:07,857 [INFO] Shard ID 0 has successfully RESUMED session e706162471d5dc8e1ae71ad8e91a758a.
2025-03-01 10:04:01,566 [INFO] Shard ID 0 has successfully RESUMED session e706162471d5dc8e1ae71ad8e91a758a.
2025-03-01 10:21:38,652 [INFO] Message from axon319: +record MASTERS BANGKOK 6
2025-03-01 10:21:39,343 [INFO] File and list created: {'Command': 'record', 'League': 'MASTERS', 'Type': 'BANGKOK', 'Day': 6}
2025-03-01 10:21:39,343 [INFO] Game 1
2025-03-01 10:21:39,760 [INFO] <:EDG:1113552055173394503> has count: 20
2025-03-01 10:21:40,028 [INFO] <:T1:1088622656175226961> has count: 12
2025-03-01 10:21:40,357 [INFO] Game is now closed
2025-03-01 11:58:55,535 [INFO] Shard ID 0 has successfully RESUMED session e706162471d5dc8e1ae71ad8e91a758a.
2025-03-01 13:13:27,719 [INFO] Shard ID 0 has successfully RESUMED session e706162471d5dc8e1ae71ad8e91a758a.
2025-03-01 13:51:48,907 [INFO] Message from blurski: +rank
2025-03-01 14:18:35,579 [INFO] Message from korusumi: +rank
2025-03-01 16:23:26,136 [INFO] Message from urjokingright: +rank
2025-03-01 17:11:35,790 [INFO] Shard ID 0 has successfully RESUMED session e706162471d5dc8e1ae71ad8e91a758a.
2025-03-01 18:12:30,683 [INFO] Shard ID 0 has successfully RESUMED session e706162471d5dc8e1ae71ad8e91a758a.
2025-03-01 19:59:11,570 [INFO] Message from axon319: +poll MASTERS BANGKOK 7
2025-03-01 19:59:11,577 [INFO] Team 1: G2 Esports, Team 2: T1, Points: 1
2025-03-01 19:59:36,383 [INFO] Message from axon319: +rank
2025-03-01 19:59:40,699 [INFO] Message from axon319: +rank all
2025-03-01 19:59:46,868 [INFO] Message from wolfval04: +rank
2025-03-01 20:05:20,642 [INFO] Message from tilly_7: +rank
2025-03-01 20:30:07,682 [INFO] Message from urjokingright: +rank
2025-03-01 20:30:22,293 [INFO] Message from urjokingright: +rank all
2025-03-01 20:55:28,363 [INFO] Shard ID 0 has successfully RESUMED session e706162471d5dc8e1ae71ad8e91a758a.
2025-03-01 23:29:03,634 [INFO] Shard ID 0 has successfully RESUMED session e706162471d5dc8e1ae71ad8e91a758a.
2025-03-02 02:03:29,339 [INFO] Shard ID 0 has successfully RESUMED session e706162471d5dc8e1ae71ad8e91a758a.
2025-03-02 02:31:06,575 [INFO] Message from axon319: +leaderboard
2025-03-02 05:03:17,804 [INFO] Shard ID 0 has successfully RESUMED session e706162471d5dc8e1ae71ad8e91a758a.
2025-03-02 08:02:12,585 [INFO] Shard ID 0 has successfully RESUMED session e706162471d5dc8e1ae71ad8e91a758a.
2025-03-02 08:21:26,086 [INFO] Shard ID 0 has successfully RESUMED session e706162471d5dc8e1ae71ad8e91a758a.
2025-03-02 09:26:15,533 [INFO] Shard ID 0 has successfully RESUMED session e706162471d5dc8e1ae71ad8e91a758a.
2025-03-02 09:45:10,296 [INFO] Shard ID 0 has successfully RESUMED session e706162471d5dc8e1ae71ad8e91a758a.
2025-03-02 10:20:20,237 [INFO] Message from axon319: +record MASTERS BANGKOK 7
2025-03-02 10:20:20,980 [INFO] File and list created: {'Command': 'record', 'League': 'MASTERS', 'Type': 'BANGKOK', 'Day': 7}
2025-03-02 10:20:20,980 [INFO] Game 1
2025-03-02 10:20:21,394 [INFO] <:G2:1191932292059373668> has count: 25
2025-03-02 10:20:21,601 [INFO] <:T1:1088622656175226961> has count: 8
2025-03-02 10:20:21,652 [INFO] Game is now closed
2025-03-02 10:32:19,905 [INFO] Shard ID 0 has successfully RESUMED session e706162471d5dc8e1ae71ad8e91a758a.
2025-03-02 14:02:42,419 [INFO] Shard ID 0 has successfully RESUMED session e706162471d5dc8e1ae71ad8e91a758a.
2025-03-02 15:56:06,213 [INFO] Shard ID 0 has successfully RESUMED session e706162471d5dc8e1ae71ad8e91a758a.
2025-03-02 18:47:20,444 [INFO] Shard ID 0 has successfully RESUMED session e706162471d5dc8e1ae71ad8e91a758a.
2025-03-02 20:21:40,788 [INFO] Message from axon319: +leaderboard MASTERS BANGKOK
2025-03-02 20:22:25,115 [INFO] Message from f1ash1: +rank all
2025-03-02 20:22:26,136 [INFO] Message from axon319: +leaderboard all
2025-03-02 20:22:38,701 [INFO] Message from axon319: +rank
2025-03-02 20:25:40,290 [INFO] Message from tyottoyt: +rank all
2025-03-02 20:34:41,647 [INFO] Message from axon319: +leaderboard MASTERS BANGKOK
2025-03-02 20:35:22,500 [INFO] Message from axon319: +leaderboard ALL
2025-03-02 20:36:02,622 [INFO] Message from tyottoyt: +rank
2025-03-02 20:36:07,004 [INFO] Message from tyottoyt: +rank all
2025-03-02 21:24:59,875 [INFO] Message from narranette: +rank
2025-03-02 21:25:04,324 [INFO] Message from narranette: +rank all
2025-03-02 21:49:50,072 [INFO] Shard ID 0 has successfully RESUMED session e706162471d5dc8e1ae71ad8e91a758a.
2025-03-02 23:29:39,194 [INFO] Shard ID 0 has successfully RESUMED session e706162471d5dc8e1ae71ad8e91a758a.
2025-03-03 03:10:27,041 [INFO] Shard ID 0 has successfully RESUMED session e706162471d5dc8e1ae71ad8e91a758a.
2025-03-03 06:14:53,893 [INFO] Shard ID 0 has successfully RESUMED session e706162471d5dc8e1ae71ad8e91a758a.
2025-03-03 07:30:49,264 [INFO] Shard ID 0 has successfully RESUMED session e706162471d5dc8e1ae71ad8e91a758a.
2025-03-03 09:24:46,858 [INFO] Shard ID 0 has successfully RESUMED session e706162471d5dc8e1ae71ad8e91a758a.
2025-03-03 12:21:10,837 [INFO] Shard ID 0 has successfully RESUMED session e706162471d5dc8e1ae71ad8e91a758a.
2025-03-03 14:32:27,985 [INFO] Shard ID 0 has successfully RESUMED session e706162471d5dc8e1ae71ad8e91a758a.
2025-03-03 17:04:32,886 [INFO] Shard ID 0 has successfully RESUMED session e706162471d5dc8e1ae71ad8e91a758a.
2025-03-03 17:26:19,870 [INFO] Shard ID 0 has successfully RESUMED session e706162471d5dc8e1ae71ad8e91a758a.
2025-03-03 17:56:05,588 [INFO] Shard ID 0 has successfully RESUMED session e706162471d5dc8e1ae71ad8e91a758a.
2025-03-03 18:46:50,107 [INFO] Shard ID 0 has successfully RESUMED session e706162471d5dc8e1ae71ad8e91a758a.
2025-03-03 20:33:05,092 [INFO] Shard ID 0 has successfully RESUMED session e706162471d5dc8e1ae71ad8e91a758a.
2025-03-03 21:04:21,317 [INFO] Shard ID 0 has successfully RESUMED session e706162471d5dc8e1ae71ad8e91a758a.
2025-03-03 21:06:48,475 [INFO] Shard ID 0 has successfully RESUMED session e706162471d5dc8e1ae71ad8e91a758a.
2025-03-03 21:56:37,897 [INFO] Shard ID 0 has successfully RESUMED session e706162471d5dc8e1ae71ad8e91a758a.
2025-03-04 00:45:18,282 [INFO] Shard ID 0 has successfully RESUMED session e706162471d5dc8e1ae71ad8e91a758a.
2025-03-04 03:25:35,552 [INFO] Message from axon319: +poll CHINA IL1 1
2025-03-04 03:25:35,559 [INFO] Team 1: XLG Esports, Team 2: Bilibili Gaming, Points: 1
2025-03-04 03:25:35,559 [INFO] Team 1: Trace Esports, Team 2: All Gamers, Points: 1
2025-03-04 03:25:35,559 [INFO] Team 1: Dragon Ranger Gaming, Team 2: Nova Esports, Points: 1
2025-03-04 03:25:35,559 [INFO] Team 1: TYLOO, Team 2: EDward Gaming, Points: 1
2025-03-04 03:25:35,559 [INFO] Team 1: JD Gaming, Team 2: Wolves Esports, Points: 1
2025-03-04 03:25:35,559 [INFO] Team 1: FunPlus Phoenix, Team 2: Titan Esports Club, Points: 1
2025-03-04 03:28:02,684 [DEBUG] Using selector: EpollSelector
2025-03-04 03:28:02,685 [INFO] logging in using static token
2025-03-04 03:28:03,800 [INFO] Shard ID 0 has connected to Gateway (Session ID: 35da6d10c96a2bdb23d98676d5975954).
2025-03-04 03:28:05,965 [INFO] -------------
2025-03-04 03:28:05,965 [INFO] |VCT Poll Bot|
2025-03-04 03:28:05,966 [INFO] -------------
2025-03-04 03:28:06,980 [INFO] Message from axon319: +poll CHINA IL1 1
2025-03-04 03:28:06,984 [INFO] Team 1: XLG Esports, Team 2: Bilibili Gaming, Points: 1
2025-03-04 03:28:06,984 [INFO] Team 1: Trace Esports, Team 2: All Gamers, Points: 1
2025-03-04 03:28:06,984 [INFO] Team 1: Dragon Ranger Gaming, Team 2: Nova Esports, Points: 1
2025-03-04 03:28:06,984 [INFO] Team 1: TYLOO, Team 2: EDward Gaming, Points: 1
2025-03-04 03:28:06,984 [INFO] Team 1: JD Gaming, Team 2: Wolves Esports, Points: 1
2025-03-04 03:28:06,984 [INFO] Team 1: FunPlus Phoenix, Team 2: Titan Esports Club, Points: 1
2025-03-04 03:29:44,866 [DEBUG] Using selector: EpollSelector
2025-03-04 03:29:44,868 [INFO] logging in using static token
2025-03-04 03:29:46,342 [INFO] Shard ID 0 has connected to Gateway (Session ID: 7be4cd88c04b87940eea5799c8d1a0c1).
2025-03-04 03:29:48,513 [INFO] -------------
2025-03-04 03:29:48,515 [INFO] |VCT Poll Bot|
2025-03-04 03:29:48,515 [INFO] -------------
2025-03-04 03:29:50,337 [INFO] Message from axon319: +poll CHINA IL1 1
2025-03-04 03:29:50,339 [INFO] Team 1: XLG Esports, Team 2: Bilibili Gaming, Points: 1
2025-03-04 03:29:50,340 [INFO] Team 1: Trace Esports, Team 2: All Gamers, Points: 1
2025-03-04 03:29:50,340 [INFO] Team 1: Dragon Ranger Gaming, Team 2: Nova Esports, Points: 1
2025-03-04 03:29:50,340 [INFO] Team 1: TYLOO, Team 2: EDward Gaming, Points: 1
2025-03-04 03:29:50,340 [INFO] Team 1: JD Gaming, Team 2: Wolves Esports, Points: 1
2025-03-04 03:29:50,340 [INFO] Team 1: FunPlus Phoenix, Team 2: Titan Esports Club, Points: 1
2025-03-04 03:29:50,350 [INFO] Message from axon319: +poll CHINA IL1 1
2025-03-04 03:29:50,351 [INFO] Team 1: XLG Esports, Team 2: Bilibili Gaming, Points: 1
2025-03-04 03:29:50,351 [INFO] Team 1: Trace Esports, Team 2: All Gamers, Points: 1
2025-03-04 03:29:50,351 [INFO] Team 1: Dragon Ranger Gaming, Team 2: Nova Esports, Points: 1
2025-03-04 03:29:50,351 [INFO] Team 1: TYLOO, Team 2: EDward Gaming, Points: 1
2025-03-04 03:29:50,351 [INFO] Team 1: JD Gaming, Team 2: Wolves Esports, Points: 1
2025-03-04 03:29:50,351 [INFO] Team 1: FunPlus Phoenix, Team 2: Titan Esports Club, Points: 1
2025-03-04 03:29:50,859 [WARNING] We are being rate limited. PUT https://discord.com/api/v10/channels/1198746366336311297/messages/1346323728916680716/reactions/%3AXLG%3A1324128513179123713/@me responded with 429. Retrying in 0.30 seconds.
2025-03-04 03:29:51,355 [WARNING] We are being rate limited. PUT https://discord.com/api/v10/channels/1198746366336311297/messages/1346323729088774216/reactions/%3ABLG%3A1134892105987276880/@me responded with 429. Retrying in 0.30 seconds.
2025-03-04 03:29:51,830 [WARNING] We are being rate limited. PUT https://discord.com/api/v10/channels/1198746366336311297/messages/1346323729088774216/reactions/%3ABLG%3A1134892105987276880/@me responded with 429. Retrying in 0.30 seconds.
2025-03-04 03:29:53,140 [WARNING] We are being rate limited. PUT https://discord.com/api/v10/channels/1198746366336311297/messages/1346323738722963458/reactions/%3ATRACE%3A1191928242890883143/@me responded with 429. Retrying in 0.30 seconds.
2025-03-04 03:29:53,810 [WARNING] We are being rate limited. PUT https://discord.com/api/v10/channels/1198746366336311297/messages/1346323741579411507/reactions/%3ADRG%3A1191928235966074890/@me responded with 429. Retrying in 0.30 seconds.
2025-03-04 03:29:54,258 [WARNING] We are being rate limited. PUT https://discord.com/api/v10/channels/1198746366336311297/messages/1346323741579411507/reactions/%3ADRG%3A1191928235966074890/@me responded with 429. Retrying in 0.30 seconds.
2025-03-04 03:29:54,926 [WARNING] We are being rate limited. PUT https://discord.com/api/v10/channels/1198746366336311297/messages/1346323746163785769/reactions/%3ADRG%3A1191928235966074890/@me responded with 429. Retrying in 0.30 seconds.
2025-03-04 03:29:55,382 [WARNING] We are being rate limited. PUT https://discord.com/api/v10/channels/1198746366336311297/messages/1346323746163785769/reactions/%3ADRG%3A1191928235966074890/@me responded with 429. Retrying in 0.30 seconds.
2025-03-04 03:29:56,292 [WARNING] We are being rate limited. PUT https://discord.com/api/v10/channels/1198746366336311297/messages/1346323746163785769/reactions/%3ANOVA%3A1191928240500121620/@me responded with 429. Retrying in 0.30 seconds.
2025-03-04 03:29:56,787 [WARNING] We are being rate limited. PUT https://discord.com/api/v10/channels/1198746366336311297/messages/1346323746163785769/reactions/%3ANOVA%3A1191928240500121620/@me responded with 429. Retrying in 0.30 seconds.
2025-03-04 03:29:58,218 [WARNING] We are being rate limited. PUT https://discord.com/api/v10/channels/1198746366336311297/messages/1346323757576224899/reactions/%3AWOL%3A1191923125777092608/@me responded with 429. Retrying in 0.30 seconds.
2025-03-04 03:29:58,673 [WARNING] We are being rate limited. PUT https://discord.com/api/v10/channels/1198746366336311297/messages/1346323757576224899/reactions/%3AWOL%3A1191923125777092608/@me responded with 429. Retrying in 0.30 seconds.
2025-03-04 03:29:59,311 [WARNING] We are being rate limited. PUT https://discord.com/api/v10/channels/1198746366336311297/messages/1346323764882964532/reactions/%3AJDG%3A1191928237408919564/@me responded with 429. Retrying in 0.30 seconds.
2025-03-04 03:29:59,940 [WARNING] We are being rate limited. PUT https://discord.com/api/v10/channels/1198746366336311297/messages/1346323767009345567/reactions/%3AFPX%3A1191923341729218630/@me responded with 429. Retrying in 0.30 seconds.
2025-03-04 03:30:00,417 [WARNING] We are being rate limited. PUT https://discord.com/api/v10/channels/1198746366336311297/messages/1346323767009345567/reactions/%3AFPX%3A1191923341729218630/@me responded with 429. Retrying in 0.30 seconds.
2025-03-04 03:30:01,481 [WARNING] We are being rate limited. PUT https://discord.com/api/v10/channels/1198746366336311297/messages/1346323767009345567/reactions/%3ATITAN%3A1191928241645170770/@me responded with 429. Retrying in 0.30 seconds.
2025-03-04 03:30:01,938 [WARNING] We are being rate limited. PUT https://discord.com/api/v10/channels/1198746366336311297/messages/1346323767009345567/reactions/%3ATITAN%3A1191928241645170770/@me responded with 429. Retrying in 0.30 seconds.
2025-03-04 03:40:05,643 [INFO] Message from axon319: +poll CHINA IL1 1
2025-03-04 03:40:05,646 [INFO] Team 1: XLG Esports, Team 2: Bilibili Gaming, Points: 1
2025-03-04 03:40:05,646 [INFO] Team 1: Trace Esports, Team 2: All Gamers, Points: 1
2025-03-04 03:40:05,646 [INFO] Team 1: Dragon Ranger Gaming, Team 2: Nova Esports, Points: 1
2025-03-04 03:40:05,646 [INFO] Team 1: TYLOO, Team 2: EDward Gaming, Points: 1
2025-03-04 03:40:05,646 [INFO] Team 1: JD Gaming, Team 2: Wolves Esports, Points: 1
2025-03-04 03:40:05,647 [INFO] Team 1: FunPlus Phoenix, Team 2: Titan Esports Club, Points: 1
2025-03-04 03:42:37,433 [DEBUG] Using selector: EpollSelector
2025-03-04 03:42:37,435 [INFO] logging in using static token
2025-03-04 03:42:38,607 [INFO] Shard ID 0 has connected to Gateway (Session ID: 1f5e45f5a56b0c919b6618eb15a437ba).
2025-03-04 03:42:40,781 [INFO] -------------
2025-03-04 03:42:40,781 [INFO] |VCT Poll Bot|
2025-03-04 03:42:40,781 [INFO] -------------
2025-03-04 03:43:53,311 [INFO] Message from axon319: +poll CHINA IL1 1
2025-03-04 03:43:53,316 [INFO] Team 1: XLG Esports, Team 2: Bilibili Gaming, Points: 1
2025-03-04 03:43:53,316 [INFO] Team 1: Trace Esports, Team 2: All Gamers, Points: 1
2025-03-04 03:43:53,316 [INFO] Team 1: Dragon Ranger Gaming, Team 2: Nova Esports, Points: 1
2025-03-04 03:43:53,316 [INFO] Team 1: TYLOO, Team 2: EDward Gaming, Points: 1
2025-03-04 03:43:53,316 [INFO] Team 1: JD Gaming, Team 2: Wolves Esports, Points: 1
2025-03-04 03:43:53,317 [INFO] Team 1: FunPlus Phoenix, Team 2: Titan Esports Club, Points: 1
2025-03-04 03:44:26,487 [ERROR] Unclosed client session
client_session: <aiohttp.client.ClientSession object at 0x7fb86f040070>
2025-03-04 03:44:35,182 [DEBUG] Using selector: EpollSelector
2025-03-04 03:44:35,183 [INFO] logging in using static token
2025-03-04 03:44:36,180 [INFO] Shard ID 0 has connected to Gateway (Session ID: 7b33181f36e7923775c74216c088bde0).
2025-03-04 03:44:38,325 [INFO] -------------
2025-03-04 03:44:38,326 [INFO] |VCT Poll Bot|
2025-03-04 03:44:38,326 [INFO] -------------
2025-03-04 07:25:43,217 [INFO] Shard ID 0 has successfully RESUMED session 7b33181f36e7923775c74216c088bde0.
2025-03-04 08:33:34,930 [INFO] Shard ID 0 has successfully RESUMED session 7b33181f36e7923775c74216c088bde0.
2025-03-04 08:45:36,637 [INFO] Shard ID 0 has successfully RESUMED session 7b33181f36e7923775c74216c088bde0.
2025-03-04 08:53:53,917 [INFO] Shard ID 0 has successfully RESUMED session 7b33181f36e7923775c74216c088bde0.
2025-03-04 09:04:27,278 [INFO] Shard ID 0 has successfully RESUMED session 7b33181f36e7923775c74216c088bde0.
2025-03-04 09:04:54,347 [INFO] Shard ID 0 has successfully RESUMED session 7b33181f36e7923775c74216c088bde0.
2025-03-04 09:35:49,578 [INFO] Shard ID 0 has successfully RESUMED session 7b33181f36e7923775c74216c088bde0.
2025-03-04 10:24:21,384 [INFO] Shard ID 0 has successfully RESUMED session 7b33181f36e7923775c74216c088bde0.
2025-03-04 12:01:55,196 [INFO] Shard ID 0 has successfully RESUMED session 7b33181f36e7923775c74216c088bde0.
2025-03-04 13:30:27,736 [INFO] Shard ID 0 has successfully RESUMED session 7b33181f36e7923775c74216c088bde0.
2025-03-04 15:43:17,641 [INFO] Shard ID 0 has successfully RESUMED session 7b33181f36e7923775c74216c088bde0.
2025-03-04 17:50:20,890 [INFO] Shard ID 0 has successfully RESUMED session 7b33181f36e7923775c74216c088bde0.
2025-03-04 18:12:48,017 [INFO] Shard ID 0 has successfully RESUMED session 7b33181f36e7923775c74216c088bde0.
2025-03-04 19:32:17,484 [INFO] Shard ID 0 has successfully RESUMED session 7b33181f36e7923775c74216c088bde0.
2025-03-04 22:46:14,981 [INFO] Shard ID 0 has successfully RESUMED session 7b33181f36e7923775c74216c088bde0.
2025-03-05 00:29:52,495 [INFO] Shard ID 0 has successfully RESUMED session 7b33181f36e7923775c74216c088bde0.
2025-03-05 00:29:57,414 [INFO] Shard ID 0 has successfully RESUMED session 7b33181f36e7923775c74216c088bde0.
2025-03-05 02:41:32,205 [INFO] Shard ID 0 has successfully RESUMED session 7b33181f36e7923775c74216c088bde0.
2025-03-05 06:26:01,372 [INFO] Shard ID 0 has successfully RESUMED session 7b33181f36e7923775c74216c088bde0.
2025-03-05 08:22:49,951 [INFO] Shard ID 0 has successfully RESUMED session 7b33181f36e7923775c74216c088bde0.
2025-03-05 10:05:46,796 [INFO] Shard ID 0 has successfully RESUMED session 7b33181f36e7923775c74216c088bde0.
2025-03-05 11:25:07,738 [INFO] Shard ID 0 has successfully RESUMED session 7b33181f36e7923775c74216c088bde0.
2025-03-05 12:21:11,271 [INFO] Shard ID 0 has successfully RESUMED session 7b33181f36e7923775c74216c088bde0.
2025-03-05 13:23:49,657 [INFO] Shard ID 0 has successfully RESUMED session 7b33181f36e7923775c74216c088bde0.
2025-03-05 16:13:27,614 [INFO] Message from axon319: +poll PACIFIC IL1 1
2025-03-05 16:13:27,639 [INFO] Team 1: DetonatioN FocusMe, Team 2: Global Esports, Points: 1
2025-03-05 16:13:27,639 [INFO] Team 1: T1, Team 2: ZETA DIVISION, Points: 1
2025-03-05 16:13:27,639 [INFO] Team 1: DRX, Team 2: Paper Rex, Points: 1
2025-03-05 16:13:27,640 [INFO] Team 1: TALON, Team 2: Team Secret, Points: 1
2025-03-05 16:13:27,640 [INFO] Team 1: Gen.G Esports, Team 2: BOOM Esports, Points: 1
2025-03-05 16:13:27,640 [INFO] Team 1: Nongshim RedForce, Team 2: Rex Regum Qeon, Points: 1
2025-03-05 16:27:35,310 [INFO] Shard ID 0 has successfully RESUMED session 7b33181f36e7923775c74216c088bde0.
2025-03-05 18:09:29,361 [INFO] Shard ID 0 has successfully RESUMED session 7b33181f36e7923775c74216c088bde0.
2025-03-05 18:49:17,631 [INFO] Shard ID 0 has successfully RESUMED session 7b33181f36e7923775c74216c088bde0.
2025-03-05 19:11:51,055 [INFO] Shard ID 0 has successfully RESUMED session 7b33181f36e7923775c74216c088bde0.
2025-03-05 19:27:06,891 [INFO] Shard ID 0 has successfully RESUMED session 7b33181f36e7923775c74216c088bde0.
2025-03-05 19:38:38,978 [INFO] Shard ID 0 has successfully RESUMED session 7b33181f36e7923775c74216c088bde0.
2025-03-05 21:08:00,579 [INFO] Shard ID 0 has successfully RESUMED session 7b33181f36e7923775c74216c088bde0.
2025-03-05 21:57:36,933 [INFO] Shard ID 0 has successfully RESUMED session 7b33181f36e7923775c74216c088bde0.
2025-03-06 00:50:29,085 [INFO] Shard ID 0 has successfully RESUMED session 7b33181f36e7923775c74216c088bde0.
2025-03-06 01:11:42,141 [INFO] Shard ID 0 has successfully RESUMED session 7b33181f36e7923775c74216c088bde0.
2025-03-06 03:52:28,847 [INFO] Shard ID 0 has successfully RESUMED session 7b33181f36e7923775c74216c088bde0.
2025-03-06 07:02:58,693 [INFO] Shard ID 0 has successfully RESUMED session 7b33181f36e7923775c74216c088bde0.
2025-03-06 07:13:58,938 [INFO] Shard ID 0 has successfully RESUMED session 7b33181f36e7923775c74216c088bde0.
2025-03-06 08:27:50,807 [INFO] Shard ID 0 has successfully RESUMED session 7b33181f36e7923775c74216c088bde0.
2025-03-06 09:29:49,056 [INFO] Shard ID 0 has successfully RESUMED session 7b33181f36e7923775c74216c088bde0.
2025-03-06 11:16:42,864 [INFO] Shard ID 0 has successfully RESUMED session 7b33181f36e7923775c74216c088bde0.
2025-03-06 11:40:34,372 [INFO] Shard ID 0 has successfully RESUMED session 7b33181f36e7923775c74216c088bde0.
2025-03-06 12:19:29,200 [INFO] Shard ID 0 has successfully RESUMED session 7b33181f36e7923775c74216c088bde0.
2025-03-06 12:45:49,466 [INFO] Shard ID 0 has successfully RESUMED session 7b33181f36e7923775c74216c088bde0.
2025-03-06 14:04:15,721 [INFO] Shard ID 0 has successfully RESUMED session 7b33181f36e7923775c74216c088bde0.
2025-03-06 15:56:38,912 [INFO] Shard ID 0 has successfully RESUMED session 7b33181f36e7923775c74216c088bde0.
2025-03-06 17:54:01,490 [INFO] Shard ID 0 has successfully RESUMED session 7b33181f36e7923775c74216c088bde0.
2025-03-06 18:37:59,287 [INFO] Shard ID 0 has successfully RESUMED session 7b33181f36e7923775c74216c088bde0.
2025-03-06 18:49:33,490 [INFO] Shard ID 0 has successfully RESUMED session 7b33181f36e7923775c74216c088bde0.
2025-03-06 22:08:08,452 [INFO] Shard ID 0 has successfully RESUMED session 7b33181f36e7923775c74216c088bde0.
2025-03-07 00:36:58,352 [INFO] Shard ID 0 has successfully RESUMED session 7b33181f36e7923775c74216c088bde0.
2025-03-07 00:55:38,799 [INFO] Shard ID 0 has successfully RESUMED session 7b33181f36e7923775c74216c088bde0.
2025-03-07 04:19:45,751 [INFO] Shard ID 0 has successfully RESUMED session 7b33181f36e7923775c74216c088bde0.
2025-03-07 07:34:16,489 [INFO] Shard ID 0 has successfully RESUMED session 7b33181f36e7923775c74216c088bde0.
2025-03-07 08:53:47,489 [INFO] Shard ID 0 has successfully RESUMED session 7b33181f36e7923775c74216c088bde0.
2025-03-07 10:14:24,565 [INFO] Shard ID 0 has successfully RESUMED session 7b33181f36e7923775c74216c088bde0.
2025-03-07 11:12:23,646 [INFO] Shard ID 0 has successfully RESUMED session 7b33181f36e7923775c74216c088bde0.
2025-03-07 11:40:34,649 [INFO] Shard ID 0 has successfully RESUMED session 7b33181f36e7923775c74216c088bde0.
2025-03-07 12:30:56,877 [INFO] Shard ID 0 has successfully RESUMED session 7b33181f36e7923775c74216c088bde0.
2025-03-07 15:21:19,589 [INFO] Shard ID 0 has successfully RESUMED session 7b33181f36e7923775c74216c088bde0.
2025-03-07 17:03:53,564 [INFO] Message from axon319: +poll AMERICAS IL1 1
2025-03-07 17:03:53,573 [INFO] Team 1: Cloud9, Team 2: NRG, Points: 1
2025-03-07 17:03:53,573 [INFO] Team 1: KRÜ Esports, Team 2: LOUD, Points: 1
2025-03-07 17:03:53,573 [INFO] Team 1: G2 Esports, Team 2: FURIA, Points: 1
2025-03-07 17:03:53,573 [INFO] Team 1: MIBR, Team 2: Leviatán, Points: 1
2025-03-07 17:03:53,573 [INFO] Team 1: 2GAME Esports, Team 2: Evil Geniuses, Points: 1
2025-03-07 17:03:53,573 [INFO] Team 1: Sentinels, Team 2: 100 Thieves, Points: 1
2025-03-07 17:04:05,808 [INFO] Message from axon319: +poll EMEA IL1 1
2025-03-07 17:04:05,825 [INFO] Team 1: Team Vitality, Team 2: GIANTX, Points: 1
2025-03-07 17:04:05,825 [INFO] Team 1: BBL Esports, Team 2: Karmine Corp, Points: 1
2025-03-07 17:04:05,825 [INFO] Team 1: Team Heretics, Team 2: Apeks, Points: 1
2025-03-07 17:04:05,825 [INFO] Team 1: FUT Esports, Team 2: KOI, Points: 1
2025-03-07 17:04:05,826 [INFO] Team 1: Fnatic, Team 2: Natus Vincere, Points: 1
2025-03-07 17:04:05,826 [INFO] Team 1: Team Liquid, Team 2: Gentle Mates, Points: 1
2025-03-07 17:05:17,832 [DEBUG] Using selector: EpollSelector
2025-03-07 17:05:17,833 [INFO] logging in using static token
2025-03-07 17:05:19,037 [INFO] Shard ID 0 has connected to Gateway (Session ID: 762b6b2271c3fef8020ee40d8dc64b31).
2025-03-07 17:05:21,178 [INFO] -------------
2025-03-07 17:05:21,179 [INFO] |VCT Poll Bot|
2025-03-07 17:05:21,179 [INFO] -------------
2025-03-07 17:05:21,946 [INFO] Message from axon319: +poll AMERICAS IL1 1
2025-03-07 17:05:21,949 [INFO] Team 1: Cloud9, Team 2: NRG, Points: 1
2025-03-07 17:05:21,949 [INFO] Team 1: KRÜ Esports, Team 2: LOUD, Points: 1
2025-03-07 17:05:21,949 [INFO] Team 1: G2 Esports, Team 2: FURIA, Points: 1
2025-03-07 17:05:21,949 [INFO] Team 1: MIBR, Team 2: Leviatán, Points: 1
2025-03-07 17:05:21,949 [INFO] Team 1: 2GAME Esports, Team 2: Evil Geniuses, Points: 1
2025-03-07 17:05:21,949 [INFO] Team 1: Sentinels, Team 2: 100 Thieves, Points: 1
2025-03-07 20:04:41,307 [INFO] Shard ID 0 has successfully RESUMED session 762b6b2271c3fef8020ee40d8dc64b31.
2025-03-07 23:56:27,509 [INFO] Shard ID 0 has successfully RESUMED session 762b6b2271c3fef8020ee40d8dc64b31.
2025-03-08 01:50:04,042 [INFO] Shard ID 0 has successfully RESUMED session 762b6b2271c3fef8020ee40d8dc64b31.
2025-03-08 05:31:36,319 [INFO] Shard ID 0 has successfully RESUMED session 762b6b2271c3fef8020ee40d8dc64b31.
2025-03-08 06:20:41,920 [INFO] Shard ID 0 has successfully RESUMED session 762b6b2271c3fef8020ee40d8dc64b31.
2025-03-08 08:28:01,436 [INFO] Shard ID 0 has successfully RESUMED session 762b6b2271c3fef8020ee40d8dc64b31.
2025-03-08 08:53:28,979 [INFO] Shard ID 0 has successfully RESUMED session 762b6b2271c3fef8020ee40d8dc64b31.
2025-03-08 12:05:58,339 [INFO] Shard ID 0 has successfully RESUMED session 762b6b2271c3fef8020ee40d8dc64b31.
2025-03-08 12:47:47,832 [INFO] Shard ID 0 has successfully RESUMED session 762b6b2271c3fef8020ee40d8dc64b31.
2025-03-08 15:21:05,126 [INFO] Shard ID 0 has successfully RESUMED session 762b6b2271c3fef8020ee40d8dc64b31.
2025-03-08 16:45:31,460 [INFO] Shard ID 0 has successfully RESUMED session 762b6b2271c3fef8020ee40d8dc64b31.
2025-03-08 17:26:02,395 [INFO] Shard ID 0 has successfully RESUMED session 762b6b2271c3fef8020ee40d8dc64b31.
2025-03-08 18:38:31,154 [INFO] Shard ID 0 has successfully RESUMED session 762b6b2271c3fef8020ee40d8dc64b31.
2025-03-08 20:52:00,744 [INFO] Shard ID 0 has successfully RESUMED session 762b6b2271c3fef8020ee40d8dc64b31.
2025-03-08 23:52:45,724 [INFO] Shard ID 0 has successfully RESUMED session 762b6b2271c3fef8020ee40d8dc64b31.
2025-03-09 00:39:22,504 [INFO] Shard ID 0 has successfully RESUMED session 762b6b2271c3fef8020ee40d8dc64b31.
2025-03-09 02:53:47,318 [INFO] Shard ID 0 has successfully RESUMED session 762b6b2271c3fef8020ee40d8dc64b31.
2025-03-09 03:59:45,513 [INFO] Shard ID 0 has successfully RESUMED session 762b6b2271c3fef8020ee40d8dc64b31.
2025-03-09 05:38:46,272 [INFO] Shard ID 0 has successfully RESUMED session 762b6b2271c3fef8020ee40d8dc64b31.
2025-03-09 06:24:33,748 [INFO] Message from tyottoyt: +rank
2025-03-09 07:58:26,543 [INFO] Shard ID 0 has successfully RESUMED session 762b6b2271c3fef8020ee40d8dc64b31.
2025-03-09 08:57:08,563 [INFO] Shard ID 0 has successfully RESUMED session 762b6b2271c3fef8020ee40d8dc64b31.
2025-03-09 09:48:11,644 [INFO] Shard ID 0 has successfully RESUMED session 762b6b2271c3fef8020ee40d8dc64b31.
2025-03-09 10:36:59,323 [INFO] Shard ID 0 has successfully RESUMED session 762b6b2271c3fef8020ee40d8dc64b31.
2025-03-09 11:46:25,844 [INFO] Shard ID 0 has successfully RESUMED session 762b6b2271c3fef8020ee40d8dc64b31.
2025-03-09 13:46:01,322 [INFO] Shard ID 0 has successfully RESUMED session 762b6b2271c3fef8020ee40d8dc64b31.
2025-03-09 14:38:22,490 [INFO] Shard ID 0 has successfully RESUMED session 762b6b2271c3fef8020ee40d8dc64b31.
2025-03-09 18:05:22,189 [INFO] Shard ID 0 has successfully RESUMED session 762b6b2271c3fef8020ee40d8dc64b31.
2025-03-09 19:48:44,964 [INFO] Shard ID 0 has successfully RESUMED session 762b6b2271c3fef8020ee40d8dc64b31.
2025-03-09 20:04:54,430 [INFO] Message from axon319: +poll CHINA IL1 1
2025-03-09 20:04:54,434 [INFO] Team 1: XLG Esports, Team 2: Bilibili Gaming, Points: 1
2025-03-09 20:04:54,434 [INFO] Team 1: Trace Esports, Team 2: All Gamers, Points: 1
2025-03-09 20:04:54,434 [INFO] Team 1: Dragon Ranger Gaming, Team 2: Nova Esports, Points: 1
2025-03-09 20:04:54,434 [INFO] Team 1: TYLOO, Team 2: EDward Gaming, Points: 1
2025-03-09 20:04:54,434 [INFO] Team 1: JD Gaming, Team 2: Wolves Esports, Points: 1
2025-03-09 20:04:54,434 [INFO] Team 1: FunPlus Phoenix, Team 2: Titan Esports Club, Points: 1
2025-03-09 20:06:05,377 [INFO] Message from tilly_7: +rank
2025-03-09 21:52:29,523 [INFO] Shard ID 0 has successfully RESUMED session 762b6b2271c3fef8020ee40d8dc64b31.
2025-03-10 01:44:44,871 [INFO] Shard ID 0 has successfully RESUMED session 762b6b2271c3fef8020ee40d8dc64b31.
2025-03-10 02:07:22,769 [INFO] Shard ID 0 has successfully RESUMED session 762b6b2271c3fef8020ee40d8dc64b31.
2025-03-10 04:17:05,145 [INFO] Shard ID 0 has successfully RESUMED session 762b6b2271c3fef8020ee40d8dc64b31.
2025-03-10 07:04:41,641 [INFO] Shard ID 0 has successfully RESUMED session 762b6b2271c3fef8020ee40d8dc64b31.
2025-03-10 08:42:26,513 [INFO] Shard ID 0 has successfully RESUMED session 762b6b2271c3fef8020ee40d8dc64b31.
2025-03-10 12:34:54,853 [INFO] Shard ID 0 has successfully RESUMED session 762b6b2271c3fef8020ee40d8dc64b31.
2025-03-10 15:10:02,646 [INFO] Shard ID 0 has successfully RESUMED session 762b6b2271c3fef8020ee40d8dc64b31.
2025-03-10 16:33:10,694 [INFO] Shard ID 0 has successfully RESUMED session 762b6b2271c3fef8020ee40d8dc64b31.
2025-03-10 17:06:15,218 [INFO] Shard ID 0 has successfully RESUMED session 762b6b2271c3fef8020ee40d8dc64b31.
2025-03-10 17:27:07,506 [INFO] Shard ID 0 has successfully RESUMED session 762b6b2271c3fef8020ee40d8dc64b31.
2025-03-10 20:06:00,111 [INFO] Shard ID 0 has successfully RESUMED session 762b6b2271c3fef8020ee40d8dc64b31.
2025-03-10 22:55:15,273 [INFO] Shard ID 0 has successfully RESUMED session 762b6b2271c3fef8020ee40d8dc64b31.
2025-03-11 01:43:46,614 [INFO] Shard ID 0 has successfully RESUMED session 762b6b2271c3fef8020ee40d8dc64b31.
2025-03-11 02:55:37,669 [INFO] Shard ID 0 has successfully RESUMED session 762b6b2271c3fef8020ee40d8dc64b31.
2025-03-11 03:27:07,286 [INFO] Shard ID 0 has successfully RESUMED session 762b6b2271c3fef8020ee40d8dc64b31.
2025-03-11 03:59:23,617 [INFO] Shard ID 0 has successfully RESUMED session 762b6b2271c3fef8020ee40d8dc64b31.
2025-03-11 04:14:48,898 [INFO] Shard ID 0 has successfully RESUMED session 762b6b2271c3fef8020ee40d8dc64b31.
2025-03-11 04:34:12,233 [INFO] Shard ID 0 has successfully RESUMED session 762b6b2271c3fef8020ee40d8dc64b31.
2025-03-11 06:11:30,757 [INFO] Shard ID 0 has successfully RESUMED session 762b6b2271c3fef8020ee40d8dc64b31.
2025-03-11 07:39:00,817 [INFO] Shard ID 0 has successfully RESUMED session 762b6b2271c3fef8020ee40d8dc64b31.
2025-03-11 11:21:42,684 [INFO] Shard ID 0 has successfully RESUMED session 762b6b2271c3fef8020ee40d8dc64b31.
2025-03-11 12:56:51,985 [INFO] Shard ID 0 has successfully RESUMED session 762b6b2271c3fef8020ee40d8dc64b31.
2025-03-11 13:52:54,516 [INFO] Shard ID 0 has successfully RESUMED session 762b6b2271c3fef8020ee40d8dc64b31.
2025-03-11 14:48:51,176 [INFO] Shard ID 0 has successfully RESUMED session 762b6b2271c3fef8020ee40d8dc64b31.
2025-03-11 15:34:28,254 [INFO] Shard ID 0 has successfully RESUMED session 762b6b2271c3fef8020ee40d8dc64b31.
2025-03-11 15:50:15,653 [INFO] Shard ID 0 has successfully RESUMED session 762b6b2271c3fef8020ee40d8dc64b31.
2025-03-11 16:40:34,837 [INFO] Shard ID 0 has successfully RESUMED session 762b6b2271c3fef8020ee40d8dc64b31.
2025-03-11 17:12:41,167 [INFO] Message from axon319: +poll PACIFIC IL1 1
2025-03-11 17:12:41,172 [INFO] Team 1: DetonatioN FocusMe, Team 2: Global Esports, Points: 1
2025-03-11 17:12:41,172 [INFO] Team 1: T1, Team 2: ZETA DIVISION, Points: 1
2025-03-11 17:12:41,172 [INFO] Team 1: DRX, Team 2: Paper Rex, Points: 1
2025-03-11 17:12:41,173 [INFO] Team 1: TALON, Team 2: Team Secret, Points: 1
2025-03-11 17:12:41,173 [INFO] Team 1: Gen.G Esports, Team 2: BOOM Esports, Points: 1
2025-03-11 17:12:41,173 [INFO] Team 1: Nongshim RedForce, Team 2: Rex Regum Qeon, Points: 1
2025-03-11 18:57:58,632 [INFO] Shard ID 0 has successfully RESUMED session 762b6b2271c3fef8020ee40d8dc64b31.
2025-03-11 20:23:27,012 [INFO] Shard ID 0 has successfully RESUMED session 762b6b2271c3fef8020ee40d8dc64b31.
2025-03-11 21:28:39,719 [INFO] Shard ID 0 has successfully RESUMED session 762b6b2271c3fef8020ee40d8dc64b31.
2025-03-12 01:02:45,711 [INFO] Shard ID 0 has successfully RESUMED session 762b6b2271c3fef8020ee40d8dc64b31.
2025-03-12 03:12:26,455 [INFO] Shard ID 0 has successfully RESUMED session 762b6b2271c3fef8020ee40d8dc64b31.
2025-03-12 06:17:36,690 [INFO] Shard ID 0 has successfully RESUMED session 762b6b2271c3fef8020ee40d8dc64b31.
2025-03-12 09:49:08,377 [INFO] Shard ID 0 has successfully RESUMED session 762b6b2271c3fef8020ee40d8dc64b31.
2025-03-12 11:03:00,382 [INFO] Shard ID 0 has successfully RESUMED session 762b6b2271c3fef8020ee40d8dc64b31.
2025-03-12 11:57:42,978 [INFO] Shard ID 0 has successfully RESUMED session 762b6b2271c3fef8020ee40d8dc64b31.
2025-03-12 13:26:03,980 [INFO] Shard ID 0 has successfully RESUMED session 762b6b2271c3fef8020ee40d8dc64b31.
2025-03-12 14:14:19,269 [INFO] Shard ID 0 has successfully RESUMED session 762b6b2271c3fef8020ee40d8dc64b31.
2025-03-12 14:42:05,227 [INFO] Shard ID 0 has successfully RESUMED session 762b6b2271c3fef8020ee40d8dc64b31.
2025-03-12 15:36:51,168 [INFO] Shard ID 0 has successfully RESUMED session 762b6b2271c3fef8020ee40d8dc64b31.
2025-03-12 15:54:53,218 [INFO] Message from axon319: +poll AMERICAS IL1 1
2025-03-12 15:54:53,220 [INFO] Team 1: Cloud9, Team 2: NRG, Points: 1
2025-03-12 15:54:53,220 [INFO] Team 1: KRÜ Esports, Team 2: LOUD, Points: 1
2025-03-12 15:54:53,220 [INFO] Team 1: G2 Esports, Team 2: FURIA, Points: 1
2025-03-12 15:54:53,220 [INFO] Team 1: MIBR, Team 2: Leviatán, Points: 1
2025-03-12 15:54:53,220 [INFO] Team 1: 2GAME Esports, Team 2: Evil Geniuses, Points: 1
2025-03-12 15:54:53,221 [INFO] Team 1: Sentinels, Team 2: 100 Thieves, Points: 1
2025-03-12 16:31:24,290 [INFO] Message from joachjua: +rank
2025-03-12 17:53:04,376 [INFO] Shard ID 0 has successfully RESUMED session 762b6b2271c3fef8020ee40d8dc64b31.
2025-03-12 18:21:10,811 [INFO] Shard ID 0 has successfully RESUMED session 762b6b2271c3fef8020ee40d8dc64b31.
2025-03-12 18:34:24,603 [INFO] Message from tilly_7: +rank all
2025-03-12 18:34:28,265 [INFO] Message from tilly_7: +rank
2025-03-12 19:03:18,312 [INFO] Shard ID 0 has successfully RESUMED session 762b6b2271c3fef8020ee40d8dc64b31.
2025-03-12 22:05:37,929 [INFO] Shard ID 0 has successfully RESUMED session 762b6b2271c3fef8020ee40d8dc64b31.
2025-03-13 00:59:10,669 [INFO] Shard ID 0 has successfully RESUMED session 762b6b2271c3fef8020ee40d8dc64b31.
2025-03-13 03:02:41,371 [INFO] Shard ID 0 has successfully RESUMED session 762b6b2271c3fef8020ee40d8dc64b31.
2025-03-13 06:21:22,630 [INFO] Shard ID 0 has successfully RESUMED session 762b6b2271c3fef8020ee40d8dc64b31.
2025-03-13 08:23:07,678 [INFO] Shard ID 0 has successfully RESUMED session 762b6b2271c3fef8020ee40d8dc64b31.
2025-03-13 08:45:19,787 [INFO] Shard ID 0 has successfully RESUMED session 762b6b2271c3fef8020ee40d8dc64b31.
2025-03-13 10:20:17,303 [INFO] Shard ID 0 has successfully RESUMED session 762b6b2271c3fef8020ee40d8dc64b31.
2025-03-13 12:49:09,281 [INFO] Shard ID 0 has successfully RESUMED session 762b6b2271c3fef8020ee40d8dc64b31.
2025-03-13 14:16:35,080 [INFO] Shard ID 0 has successfully RESUMED session 762b6b2271c3fef8020ee40d8dc64b31.
2025-03-13 14:44:16,679 [INFO] Shard ID 0 has successfully RESUMED session 762b6b2271c3fef8020ee40d8dc64b31.
2025-03-13 15:18:18,525 [INFO] Shard ID 0 has successfully RESUMED session 762b6b2271c3fef8020ee40d8dc64b31.
2025-03-13 15:19:48,403 [INFO] Shard ID 0 has successfully RESUMED session 762b6b2271c3fef8020ee40d8dc64b31.
2025-03-13 15:49:42,527 [INFO] Message from axon319: +record CHINA IL1 1
2025-03-13 15:49:54,014 [INFO] File and list created: {'Command': 'record', 'League': 'CHINA', 'Type': 'IL1', 'Day': 1}
2025-03-13 15:49:54,015 [INFO] Game 1
2025-03-13 15:49:54,406 [INFO] <:XLG:1324128513179123713> has count: 9
2025-03-13 15:49:54,628 [INFO] <:BLG:1134892105987276880> has count: 26
2025-03-13 15:49:54,685 [INFO] Game is now closed
2025-03-13 15:49:54,686 [INFO] Game 2
2025-03-13 15:49:58,933 [INFO] <:TRACE:1191928242890883143> has count: 35
2025-03-13 15:49:59,172 [INFO] <:ALLGAMERS:1191928232799387679> has count: 0
2025-03-13 15:49:59,224 [INFO] Game is now closed
2025-03-13 15:49:59,225 [INFO] Game 3
2025-03-13 15:49:59,677 [INFO] <:DRG:1191928235966074890> has count: 27
2025-03-13 15:50:00,005 [INFO] <:NOVA:1191928240500121620> has count: 8
2025-03-13 15:50:00,043 [INFO] Game is now closed
2025-03-13 15:50:00,044 [INFO] Game 4
2025-03-13 15:50:00,497 [INFO] <:TYLOO:1191929004966543360> has count: 1
2025-03-13 15:50:04,218 [INFO] <:EDG:1113552055173394503> has count: 34
2025-03-13 15:50:04,265 [INFO] Game is now closed
2025-03-13 15:50:04,265 [INFO] Game 5
2025-03-13 15:50:04,664 [INFO] <:JDG:1191928237408919564> has count: 4
2025-03-13 15:50:04,864 [INFO] <:WOL:1191923125777092608> has count: 31
2025-03-13 15:50:04,907 [INFO] Game is now closed
2025-03-13 15:50:04,907 [INFO] Game 6
2025-03-13 15:50:05,439 [INFO] <:FPX:1191923341729218630> has count: 31
2025-03-13 15:50:05,701 [INFO] <:TITAN:1191928241645170770> has count: 4
2025-03-13 15:50:05,738 [INFO] Game is now closed
2025-03-13 15:50:17,865 [INFO] Message from axon319: +poll EMEA IL1 1
2025-03-13 15:50:17,866 [INFO] Team 1: Team Vitality, Team 2: GIANTX, Points: 1
2025-03-13 15:50:17,867 [INFO] Team 1: BBL Esports, Team 2: Karmine Corp, Points: 1
2025-03-13 15:50:17,867 [INFO] Team 1: Team Heretics, Team 2: Apeks, Points: 1
2025-03-13 15:50:17,867 [INFO] Team 1: FUT Esports, Team 2: KOI, Points: 1
2025-03-13 15:50:17,867 [INFO] Team 1: Fnatic, Team 2: Natus Vincere, Points: 1
2025-03-13 15:50:17,867 [INFO] Team 1: Team Liquid, Team 2: Gentle Mates, Points: 1
2025-03-13 15:52:39,013 [INFO] Message from dwgn: +rank
2025-03-13 15:52:47,723 [INFO] Message from dwgn: +help
2025-03-13 15:52:59,090 [INFO] Message from dwgn: +rank Masters Bangkok
2025-03-13 15:53:04,041 [INFO] Message from dwgn: +rank all
2025-03-13 18:51:38,431 [INFO] Shard ID 0 has successfully RESUMED session 762b6b2271c3fef8020ee40d8dc64b31.
2025-03-13 19:30:21,241 [INFO] Shard ID 0 has successfully RESUMED session 762b6b2271c3fef8020ee40d8dc64b31.
2025-03-13 19:38:37,941 [INFO] Message from axon319: +rank all
2025-03-13 20:02:59,044 [INFO] Shard ID 0 has successfully RESUMED session 762b6b2271c3fef8020ee40d8dc64b31.
2025-03-13 20:06:14,358 [INFO] Shard ID 0 has successfully RESUMED session 762b6b2271c3fef8020ee40d8dc64b31.
2025-03-13 20:28:45,520 [INFO] Shard ID 0 has successfully RESUMED session 762b6b2271c3fef8020ee40d8dc64b31.
2025-03-13 22:48:00,451 [INFO] Shard ID 0 has successfully RESUMED session 762b6b2271c3fef8020ee40d8dc64b31.
2025-03-13 23:21:01,201 [INFO] Shard ID 0 has successfully RESUMED session 762b6b2271c3fef8020ee40d8dc64b31.
2025-03-14 00:44:46,994 [INFO] Shard ID 0 has successfully RESUMED session 762b6b2271c3fef8020ee40d8dc64b31.
2025-03-14 01:51:19,840 [INFO] Shard ID 0 has successfully RESUMED session 762b6b2271c3fef8020ee40d8dc64b31.
2025-03-14 02:35:23,260 [INFO] Shard ID 0 has successfully RESUMED session 762b6b2271c3fef8020ee40d8dc64b31.
2025-03-14 03:14:22,911 [INFO] Shard ID 0 has successfully RESUMED session 762b6b2271c3fef8020ee40d8dc64b31.
2025-03-14 03:20:50,906 [INFO] Shard ID 0 has successfully RESUMED session 762b6b2271c3fef8020ee40d8dc64b31.
2025-03-14 04:07:50,169 [INFO] Shard ID 0 has successfully RESUMED session 762b6b2271c3fef8020ee40d8dc64b31.
2025-03-14 04:37:55,772 [INFO] Shard ID 0 has successfully RESUMED session 762b6b2271c3fef8020ee40d8dc64b31.
2025-03-14 06:49:04,068 [INFO] Shard ID 0 has successfully RESUMED session 762b6b2271c3fef8020ee40d8dc64b31.
2025-03-14 07:40:25,800 [INFO] Shard ID 0 has successfully RESUMED session 762b6b2271c3fef8020ee40d8dc64b31.
2025-03-14 08:19:29,372 [INFO] Shard ID 0 has successfully RESUMED session 762b6b2271c3fef8020ee40d8dc64b31.
2025-03-14 12:04:31,367 [INFO] Shard ID 0 has successfully RESUMED session 762b6b2271c3fef8020ee40d8dc64b31.
2025-03-14 12:17:37,640 [INFO] Shard ID 0 has successfully RESUMED session 762b6b2271c3fef8020ee40d8dc64b31.
2025-03-14 12:22:53,277 [INFO] Shard ID 0 has successfully RESUMED session 762b6b2271c3fef8020ee40d8dc64b31.
2025-03-14 14:21:01,874 [INFO] Shard ID 0 has successfully RESUMED session 762b6b2271c3fef8020ee40d8dc64b31.
2025-03-14 14:51:13,581 [INFO] Shard ID 0 has successfully RESUMED session 762b6b2271c3fef8020ee40d8dc64b31.
2025-03-14 16:18:43,693 [INFO] Shard ID 0 has successfully RESUMED session 762b6b2271c3fef8020ee40d8dc64b31.
2025-03-14 16:31:42,001 [INFO] Shard ID 0 has successfully RESUMED session 762b6b2271c3fef8020ee40d8dc64b31.
2025-03-14 16:38:58,389 [INFO] Shard ID 0 has successfully RESUMED session 762b6b2271c3fef8020ee40d8dc64b31.
2025-03-14 17:19:42,759 [INFO] Shard ID 0 has successfully RESUMED session 762b6b2271c3fef8020ee40d8dc64b31.
2025-03-14 17:25:22,356 [INFO] Shard ID 0 has successfully RESUMED session 762b6b2271c3fef8020ee40d8dc64b31.
2025-03-14 17:37:29,270 [INFO] Shard ID 0 has successfully RESUMED session 762b6b2271c3fef8020ee40d8dc64b31.
2025-03-14 18:07:57,953 [INFO] Shard ID 0 has successfully RESUMED session 762b6b2271c3fef8020ee40d8dc64b31.
2025-03-14 18:34:20,761 [INFO] Shard ID 0 has successfully RESUMED session 762b6b2271c3fef8020ee40d8dc64b31.
2025-03-14 19:04:24,846 [INFO] Shard ID 0 has successfully RESUMED session 762b6b2271c3fef8020ee40d8dc64b31.
2025-03-14 19:05:08,874 [INFO] Shard ID 0 has successfully RESUMED session 762b6b2271c3fef8020ee40d8dc64b31.
2025-03-14 20:06:03,694 [INFO] Shard ID 0 has successfully RESUMED session 762b6b2271c3fef8020ee40d8dc64b31.
2025-03-14 21:00:12,541 [INFO] Shard ID 0 has successfully RESUMED session 762b6b2271c3fef8020ee40d8dc64b31.
2025-03-14 22:28:36,824 [INFO] Shard ID 0 has successfully RESUMED session 762b6b2271c3fef8020ee40d8dc64b31.
2025-03-14 22:46:06,800 [INFO] Shard ID 0 has successfully RESUMED session 762b6b2271c3fef8020ee40d8dc64b31.
2025-03-15 00:18:01,380 [INFO] Shard ID 0 has successfully RESUMED session 762b6b2271c3fef8020ee40d8dc64b31.
2025-03-15 01:08:22,982 [INFO] Shard ID 0 has successfully RESUMED session 762b6b2271c3fef8020ee40d8dc64b31.
2025-03-15 01:55:01,074 [INFO] Shard ID 0 has successfully RESUMED session 762b6b2271c3fef8020ee40d8dc64b31.
2025-03-15 02:09:08,970 [INFO] Shard ID 0 has successfully RESUMED session 762b6b2271c3fef8020ee40d8dc64b31.
2025-03-15 03:41:49,743 [INFO] Shard ID 0 has successfully RESUMED session 762b6b2271c3fef8020ee40d8dc64b31.
2025-03-15 03:59:02,562 [INFO] Shard ID 0 has successfully RESUMED session 762b6b2271c3fef8020ee40d8dc64b31.
2025-03-15 04:06:54,059 [INFO] Shard ID 0 has successfully RESUMED session 762b6b2271c3fef8020ee40d8dc64b31.
2025-03-15 06:39:54,777 [INFO] Shard ID 0 has successfully RESUMED session 762b6b2271c3fef8020ee40d8dc64b31.
2025-03-15 10:37:03,622 [INFO] Shard ID 0 has successfully RESUMED session 762b6b2271c3fef8020ee40d8dc64b31.
2025-03-15 11:39:55,459 [INFO] Shard ID 0 has successfully RESUMED session 762b6b2271c3fef8020ee40d8dc64b31.
2025-03-15 14:27:18,718 [INFO] Shard ID 0 has successfully RESUMED session 762b6b2271c3fef8020ee40d8dc64b31.
2025-03-15 15:14:28,253 [INFO] Shard ID 0 has successfully RESUMED session 762b6b2271c3fef8020ee40d8dc64b31.
2025-03-15 15:27:10,331 [INFO] Shard ID 0 has successfully RESUMED session 762b6b2271c3fef8020ee40d8dc64b31.
2025-03-15 15:32:54,092 [INFO] Shard ID 0 has successfully RESUMED session 762b6b2271c3fef8020ee40d8dc64b31.
2025-03-15 16:47:29,481 [INFO] Shard ID 0 has successfully RESUMED session 762b6b2271c3fef8020ee40d8dc64b31.
2025-03-15 18:01:24,671 [INFO] Shard ID 0 has successfully RESUMED session 762b6b2271c3fef8020ee40d8dc64b31.
2025-03-15 18:17:49,455 [INFO] Shard ID 0 has successfully RESUMED session 762b6b2271c3fef8020ee40d8dc64b31.
2025-03-15 19:19:37,201 [INFO] Shard ID 0 has successfully RESUMED session 762b6b2271c3fef8020ee40d8dc64b31.
2025-03-15 20:18:54,258 [INFO] Shard ID 0 has successfully RESUMED session 762b6b2271c3fef8020ee40d8dc64b31.
2025-03-15 21:11:03,406 [INFO] Message from axon319: +rank
2025-03-15 21:11:13,836 [INFO] Message from axon319: +rank all
2025-03-15 21:14:35,683 [INFO] Message from korusumi: +rank
2025-03-15 21:14:48,707 [INFO] Message from korusumi: +rank all
2025-03-15 23:33:15,473 [INFO] Shard ID 0 has successfully RESUMED session 762b6b2271c3fef8020ee40d8dc64b31.
2025-03-16 00:12:05,471 [INFO] Shard ID 0 has successfully RESUMED session 762b6b2271c3fef8020ee40d8dc64b31.
2025-03-16 02:54:11,691 [INFO] Shard ID 0 has successfully RESUMED session 762b6b2271c3fef8020ee40d8dc64b31.
2025-03-16 05:46:44,756 [INFO] Shard ID 0 has successfully RESUMED session 762b6b2271c3fef8020ee40d8dc64b31.
2025-03-16 05:50:30,510 [INFO] Shard ID 0 has successfully RESUMED session 762b6b2271c3fef8020ee40d8dc64b31.
2025-03-16 06:08:04,575 [INFO] Shard ID 0 has successfully RESUMED session 762b6b2271c3fef8020ee40d8dc64b31.
2025-03-16 08:34:14,460 [INFO] Shard ID 0 has successfully RESUMED session 762b6b2271c3fef8020ee40d8dc64b31.
2025-03-16 10:40:06,060 [INFO] Shard ID 0 has successfully RESUMED session 762b6b2271c3fef8020ee40d8dc64b31.
2025-03-16 13:45:12,104 [INFO] Shard ID 0 has successfully RESUMED session 762b6b2271c3fef8020ee40d8dc64b31.
2025-03-16 16:01:44,018 [INFO] Shard ID 0 has successfully RESUMED session 762b6b2271c3fef8020ee40d8dc64b31.
2025-03-16 19:11:12,958 [INFO] Shard ID 0 has successfully RESUMED session 762b6b2271c3fef8020ee40d8dc64b31.
2025-03-16 20:04:53,690 [INFO] Message from huntice: +rank china
2025-03-16 20:24:32,144 [INFO] Shard ID 0 has successfully RESUMED session 762b6b2271c3fef8020ee40d8dc64b31.
2025-03-16 20:41:37,210 [INFO] Shard ID 0 has successfully RESUMED session 762b6b2271c3fef8020ee40d8dc64b31.
2025-03-16 21:13:05,099 [INFO] Message from urjokingright: +rank china
2025-03-16 21:13:11,291 [INFO] Message from urjokingright: +rank stage 1
2025-03-16 21:13:45,863 [INFO] Message from urjokingright: +rank IL1
2025-03-16 21:24:17,284 [INFO] Message from huntice: +rank IL1
2025-03-16 22:06:55,344 [INFO] Shard ID 0 has successfully RESUMED session 762b6b2271c3fef8020ee40d8dc64b31.
2025-03-16 22:55:06,146 [INFO] Shard ID 0 has successfully RESUMED session 762b6b2271c3fef8020ee40d8dc64b31.
2025-03-16 23:17:48,213 [INFO] Shard ID 0 has successfully RESUMED session 762b6b2271c3fef8020ee40d8dc64b31.
2025-03-16 23:39:52,528 [INFO] Shard ID 0 has successfully RESUMED session 762b6b2271c3fef8020ee40d8dc64b31.
2025-03-17 01:40:50,601 [INFO] Shard ID 0 has successfully RESUMED session 762b6b2271c3fef8020ee40d8dc64b31.
2025-03-17 02:28:12,685 [INFO] Message from axon319: +poll CHINA IL1 2
2025-03-17 02:28:12,699 [INFO] Team 1: Nova Esports, Team 2: EDward Gaming, Points: 1
2025-03-17 02:28:12,699 [INFO] Team 1: TYLOO, Team 2: FunPlus Phoenix, Points: 1
2025-03-17 02:28:12,699 [INFO] Team 1: XLG Esports, Team 2: All Gamers, Points: 1
2025-03-17 02:28:12,700 [INFO] Team 1: Wolves Esports, Team 2: Trace Esports, Points: 1
2025-03-17 02:28:12,700 [INFO] Team 1: Titan Esports Club, Team 2: Dragon Ranger Gaming, Points: 1
2025-03-17 02:28:12,700 [INFO] Team 1: Bilibili Gaming, Team 2: JD Gaming, Points: 1
2025-03-17 03:00:17,022 [INFO] Message from joachjua: +rank all
2025-03-17 04:29:39,845 [INFO] Message from narranette: +rank
2025-03-17 04:30:05,375 [INFO] Message from narranette: +rank china
2025-03-17 04:30:20,152 [INFO] Message from narranette: +rank all
2025-03-17 04:53:05,691 [INFO] Shard ID 0 has successfully RESUMED session 762b6b2271c3fef8020ee40d8dc64b31.
2025-03-17 05:10:45,966 [INFO] Shard ID 0 has successfully RESUMED session 762b6b2271c3fef8020ee40d8dc64b31.
2025-03-17 05:44:36,910 [INFO] Shard ID 0 has successfully RESUMED session 762b6b2271c3fef8020ee40d8dc64b31.
2025-03-17 06:45:01,791 [INFO] Shard ID 0 has successfully RESUMED session 762b6b2271c3fef8020ee40d8dc64b31.
2025-03-17 07:38:41,786 [INFO] Message from youth_inthe_shade: +rank China
2025-03-17 07:43:05,069 [INFO] Message from kayfourfour: +rank
2025-03-17 07:43:13,753 [INFO] Message from kayfourfour: +rank all
2025-03-17 09:57:05,165 [INFO] Shard ID 0 has successfully RESUMED session 762b6b2271c3fef8020ee40d8dc64b31.
2025-03-17 12:25:31,182 [INFO] Shard ID 0 has successfully RESUMED session 762b6b2271c3fef8020ee40d8dc64b31.
2025-03-17 12:42:19,677 [INFO] Shard ID 0 has successfully RESUMED session 762b6b2271c3fef8020ee40d8dc64b31.
2025-03-17 12:51:34,163 [INFO] Shard ID 0 has successfully RESUMED session 762b6b2271c3fef8020ee40d8dc64b31.
2025-03-17 14:43:37,260 [INFO] Shard ID 0 has successfully RESUMED session 762b6b2271c3fef8020ee40d8dc64b31.
2025-03-17 15:38:56,387 [INFO] Shard ID 0 has successfully RESUMED session 762b6b2271c3fef8020ee40d8dc64b31.
2025-03-17 16:02:47,987 [INFO] Message from urjokingright: +rank all
2025-03-17 16:03:01,346 [INFO] Message from urjokingright: +rank IL1
2025-03-17 16:18:51,051 [INFO] Shard ID 0 has successfully RESUMED session 762b6b2271c3fef8020ee40d8dc64b31.
2025-03-17 16:56:26,496 [INFO] Shard ID 0 has successfully RESUMED session 762b6b2271c3fef8020ee40d8dc64b31.
2025-03-17 18:07:08,523 [INFO] Shard ID 0 has successfully RESUMED session 762b6b2271c3fef8020ee40d8dc64b31.
2025-03-17 19:55:54,667 [INFO] Shard ID 0 has successfully RESUMED session 762b6b2271c3fef8020ee40d8dc64b31.
2025-03-17 20:42:50,569 [INFO] Shard ID 0 has successfully RESUMED session 762b6b2271c3fef8020ee40d8dc64b31.
2025-03-17 22:26:49,510 [INFO] Shard ID 0 has successfully RESUMED session 762b6b2271c3fef8020ee40d8dc64b31.
2025-03-18 02:05:00,427 [INFO] Shard ID 0 has successfully RESUMED session 762b6b2271c3fef8020ee40d8dc64b31.
2025-03-18 02:32:05,734 [INFO] Shard ID 0 has successfully RESUMED session 762b6b2271c3fef8020ee40d8dc64b31.
2025-03-18 06:21:34,147 [INFO] Shard ID 0 has successfully RESUMED session 762b6b2271c3fef8020ee40d8dc64b31.
2025-03-18 07:20:20,664 [INFO] Shard ID 0 has successfully RESUMED session 762b6b2271c3fef8020ee40d8dc64b31.
2025-03-18 09:10:47,452 [INFO] Shard ID 0 has successfully RESUMED session 762b6b2271c3fef8020ee40d8dc64b31.
2025-03-18 12:21:38,602 [INFO] Shard ID 0 has successfully RESUMED session 762b6b2271c3fef8020ee40d8dc64b31.
2025-03-18 15:26:04,634 [INFO] Message from tilly_7: +rank China
2025-03-18 15:26:15,893 [INFO] Message from tilly_7: +rank EMEA
2025-03-18 15:26:23,962 [INFO] Message from tilly_7: +rank americas
2025-03-18 15:26:31,118 [INFO] Message from tilly_7: +rank pacific
2025-03-18 15:50:13,869 [INFO] Shard ID 0 has successfully RESUMED session 762b6b2271c3fef8020ee40d8dc64b31.
2025-03-18 19:24:33,426 [INFO] Shard ID 0 has successfully RESUMED session 762b6b2271c3fef8020ee40d8dc64b31.
2025-03-18 19:35:06,781 [INFO] Shard ID 0 has successfully RESUMED session 762b6b2271c3fef8020ee40d8dc64b31.
2025-03-18 20:10:52,879 [INFO] Shard ID 0 has successfully RESUMED session 762b6b2271c3fef8020ee40d8dc64b31.
2025-03-18 20:18:53,191 [INFO] Shard ID 0 has successfully RESUMED session 762b6b2271c3fef8020ee40d8dc64b31.
2025-03-18 20:33:58,680 [INFO] Shard ID 0 has successfully RESUMED session 762b6b2271c3fef8020ee40d8dc64b31.
2025-03-18 21:25:23,755 [INFO] Shard ID 0 has successfully RESUMED session 762b6b2271c3fef8020ee40d8dc64b31.
2025-03-18 21:50:24,881 [INFO] Message from lyclipz: +rank IL1
2025-03-18 23:42:34,236 [INFO] Shard ID 0 has successfully RESUMED session 762b6b2271c3fef8020ee40d8dc64b31.
2025-03-19 02:31:14,166 [INFO] Shard ID 0 has successfully RESUMED session 762b6b2271c3fef8020ee40d8dc64b31.
2025-03-19 03:42:20,139 [INFO] Shard ID 0 has successfully RESUMED session 762b6b2271c3fef8020ee40d8dc64b31.
2025-03-19 05:44:23,996 [INFO] Shard ID 0 has successfully RESUMED session 762b6b2271c3fef8020ee40d8dc64b31.
2025-03-19 07:11:26,888 [INFO] Shard ID 0 has successfully RESUMED session 762b6b2271c3fef8020ee40d8dc64b31.
2025-03-19 09:47:57,991 [INFO] Shard ID 0 has successfully RESUMED session 762b6b2271c3fef8020ee40d8dc64b31.
2025-03-19 12:56:40,175 [INFO] Shard ID 0 has successfully RESUMED session 762b6b2271c3fef8020ee40d8dc64b31.
2025-03-19 14:08:03,043 [INFO] Shard ID 0 has successfully RESUMED session 762b6b2271c3fef8020ee40d8dc64b31.
2025-03-19 15:41:28,297 [INFO] Shard ID 0 has successfully RESUMED session 762b6b2271c3fef8020ee40d8dc64b31.
2025-03-19 16:09:30,834 [INFO] Shard ID 0 has successfully RESUMED session 762b6b2271c3fef8020ee40d8dc64b31.
2025-03-19 16:31:44,712 [INFO] Message from turtlepita: +rank all
2025-03-19 17:24:10,546 [INFO] Shard ID 0 has successfully RESUMED session 762b6b2271c3fef8020ee40d8dc64b31.
2025-03-19 18:39:20,322 [INFO] Shard ID 0 has successfully RESUMED session 762b6b2271c3fef8020ee40d8dc64b31.
2025-03-19 21:35:26,238 [INFO] Shard ID 0 has successfully RESUMED session 762b6b2271c3fef8020ee40d8dc64b31.
2025-03-20 00:26:14,816 [INFO] Shard ID 0 has successfully RESUMED session 762b6b2271c3fef8020ee40d8dc64b31.
2025-03-20 00:40:42,168 [INFO] Shard ID 0 has successfully RESUMED session 762b6b2271c3fef8020ee40d8dc64b31.
2025-03-20 03:38:34,960 [INFO] Shard ID 0 has successfully RESUMED session 762b6b2271c3fef8020ee40d8dc64b31.
2025-03-20 04:16:36,976 [INFO] Shard ID 0 has successfully RESUMED session 762b6b2271c3fef8020ee40d8dc64b31.
2025-03-20 05:55:58,358 [INFO] Shard ID 0 has successfully RESUMED session 762b6b2271c3fef8020ee40d8dc64b31.
2025-03-20 08:26:57,857 [INFO] Shard ID 0 has successfully RESUMED session 762b6b2271c3fef8020ee40d8dc64b31.
2025-03-20 11:48:53,682 [INFO] Shard ID 0 has successfully RESUMED session 762b6b2271c3fef8020ee40d8dc64b31.
2025-03-20 11:54:13,727 [INFO] Shard ID 0 has successfully RESUMED session 762b6b2271c3fef8020ee40d8dc64b31.
2025-03-20 11:58:13,627 [INFO] Shard ID 0 has successfully RESUMED session 762b6b2271c3fef8020ee40d8dc64b31.
2025-03-20 12:26:11,791 [INFO] Shard ID 0 has successfully RESUMED session 762b6b2271c3fef8020ee40d8dc64b31.
2025-03-20 13:00:07,178 [INFO] Shard ID 0 has successfully RESUMED session 762b6b2271c3fef8020ee40d8dc64b31.
2025-03-20 13:53:34,876 [INFO] Shard ID 0 has successfully RESUMED session 762b6b2271c3fef8020ee40d8dc64b31.
2025-03-20 15:39:50,326 [INFO] Shard ID 0 has successfully RESUMED session 762b6b2271c3fef8020ee40d8dc64b31.
2025-03-20 16:10:01,361 [INFO] Message from axon319: +record CHINA IL1 w
2025-03-20 16:10:01,365 [ERROR] Ignoring exception in on_message
Traceback (most recent call last):
  File "/usr/local/lib/python3.10/dist-packages/discord/client.py", line 441, in _run_event
    await coro(*args, **kwargs)
  File "/home/ubuntu/VCT BOT/vctBotBackend.py", line 587, in on_message
    if titleDict["Type"] == "IL1" or titleDict["Type"] == "IL2":
TypeError: 'NoneType' object is not subscriptable
2025-03-20 16:10:30,702 [INFO] Message from axon319: +record CHINA IL1 2
2025-03-20 16:10:42,144 [INFO] File and list created: {'Command': 'record', 'League': 'CHINA', 'Type': 'IL1', 'Day': 2}
2025-03-20 16:10:42,144 [INFO] Game 1
2025-03-20 16:10:42,553 [INFO] <:NOVA:1191928240500121620> has count: 0
2025-03-20 16:10:42,752 [INFO] <:EDG:1113552055173394503> has count: 32
2025-03-20 16:10:42,996 [INFO] Game is now closed
2025-03-20 16:10:42,996 [INFO] Game 2
2025-03-20 16:10:46,908 [INFO] <:TYLOO:1191929004966543360> has count: 0
2025-03-20 16:10:47,145 [INFO] <:FPX:1191923341729218630> has count: 32
2025-03-20 16:10:47,190 [INFO] Game is now closed
2025-03-20 16:10:47,190 [INFO] Game 3
2025-03-20 16:10:47,670 [INFO] <:XLG:1324128513179123713> has count: 31
2025-03-20 16:10:47,965 [INFO] <:ALLGAMERS:1191928232799387679> has count: 1
2025-03-20 16:10:48,014 [INFO] Game is now closed
2025-03-20 16:10:48,014 [INFO] Game 4
2025-03-20 16:10:48,450 [INFO] <:WOL:1191923125777092608> has count: 3
2025-03-20 16:10:52,166 [INFO] <:TRACE:1191928242890883143> has count: 29
2025-03-20 16:10:52,212 [INFO] Game is now closed
2025-03-20 16:10:52,212 [INFO] Game 5
2025-03-20 16:10:52,641 [INFO] <:TITAN:1191928241645170770> has count: 0
2025-03-20 16:10:52,875 [INFO] <:DRG:1191928235966074890> has count: 32
2025-03-20 16:10:52,916 [INFO] Game is now closed
2025-03-20 16:10:52,916 [INFO] Game 6
2025-03-20 16:10:53,376 [INFO] <:BLG:1134892105987276880> has count: 31
2025-03-20 16:10:53,587 [INFO] <:JDG:1191928237408919564> has count: 0
2025-03-20 16:10:53,637 [INFO] Game is now closed
2025-03-20 17:55:11,909 [INFO] Shard ID 0 has successfully RESUMED session 762b6b2271c3fef8020ee40d8dc64b31.
2025-03-20 18:11:01,259 [INFO] Shard ID 0 has successfully RESUMED session 762b6b2271c3fef8020ee40d8dc64b31.
2025-03-20 21:25:39,198 [INFO] Shard ID 0 has successfully RESUMED session 762b6b2271c3fef8020ee40d8dc64b31.
2025-03-20 22:07:26,550 [INFO] Shard ID 0 has successfully RESUMED session 762b6b2271c3fef8020ee40d8dc64b31.
2025-03-20 22:07:42,846 [INFO] Shard ID 0 has successfully RESUMED session 762b6b2271c3fef8020ee40d8dc64b31.
2025-03-20 22:37:33,341 [INFO] Message from kayfourfour: +rank il1
2025-03-20 22:45:33,049 [INFO] Shard ID 0 has successfully RESUMED session 762b6b2271c3fef8020ee40d8dc64b31.
2025-03-21 00:37:10,982 [INFO] Shard ID 0 has successfully RESUMED session 762b6b2271c3fef8020ee40d8dc64b31.
2025-03-21 01:12:15,990 [INFO] Shard ID 0 has successfully RESUMED session 762b6b2271c3fef8020ee40d8dc64b31.
2025-03-21 01:36:21,881 [INFO] Message from narranette: +rank
2025-03-21 01:36:29,433 [INFO] Message from narranette: +rank all
2025-03-21 04:31:53,535 [INFO] Shard ID 0 has successfully RESUMED session 762b6b2271c3fef8020ee40d8dc64b31.
2025-03-21 08:05:10,878 [INFO] Shard ID 0 has successfully RESUMED session 762b6b2271c3fef8020ee40d8dc64b31.
2025-03-21 11:50:21,912 [INFO] Shard ID 0 has successfully RESUMED session 762b6b2271c3fef8020ee40d8dc64b31.
2025-03-21 12:17:31,973 [INFO] Shard ID 0 has successfully RESUMED session 762b6b2271c3fef8020ee40d8dc64b31.
2025-03-21 12:40:16,253 [INFO] Shard ID 0 has successfully RESUMED session 762b6b2271c3fef8020ee40d8dc64b31.
2025-03-21 14:43:28,637 [INFO] Shard ID 0 has successfully RESUMED session 762b6b2271c3fef8020ee40d8dc64b31.
2025-03-21 17:35:04,590 [INFO] Shard ID 0 has successfully RESUMED session 762b6b2271c3fef8020ee40d8dc64b31.
2025-03-21 18:49:19,849 [INFO] Shard ID 0 has successfully RESUMED session 762b6b2271c3fef8020ee40d8dc64b31.
2025-03-21 20:43:51,168 [INFO] Shard ID 0 has successfully RESUMED session 762b6b2271c3fef8020ee40d8dc64b31.
2025-03-21 20:44:54,076 [INFO] Shard ID 0 has successfully RESUMED session 762b6b2271c3fef8020ee40d8dc64b31.
2025-03-21 20:44:59,054 [INFO] Shard ID 0 has successfully RESUMED session 762b6b2271c3fef8020ee40d8dc64b31.
2025-03-21 23:03:13,474 [INFO] Shard ID 0 has successfully RESUMED session 762b6b2271c3fef8020ee40d8dc64b31.
2025-03-21 23:26:33,889 [INFO] Message from axon319: +record AMERICAS IL1 1
2025-03-21 23:26:45,289 [INFO] File and list created: {'Command': 'record', 'League': 'AMERICAS', 'Type': 'IL1', 'Day': 1}
2025-03-21 23:26:45,290 [INFO] Game 1
2025-03-21 23:26:45,879 [INFO] <:C9:1088622886165692457> has count: 4
2025-03-21 23:26:46,060 [INFO] <:NRG:1088622605373800589> has count: 33
2025-03-21 23:26:46,190 [INFO] Game is now closed
2025-03-21 23:26:46,190 [INFO] Game 2
2025-03-21 23:26:50,026 [INFO] <:KRU:1088622595504619621> has count: 13
2025-03-21 23:26:50,467 [INFO] <:LOUD:1088622599979946044> has count: 25
2025-03-21 23:26:50,535 [INFO] Game is now closed
2025-03-21 23:26:50,535 [INFO] Game 3
2025-03-21 23:26:51,188 [INFO] <:G2:1191932292059373668> has count: 37
2025-03-21 23:26:51,481 [INFO] <:FURIA:1088622593386487858> has count: 0
2025-03-21 23:26:51,528 [INFO] Game is now closed
2025-03-21 23:26:51,528 [INFO] Game 4
2025-03-21 23:26:52,091 [INFO] <:MIBR:1088622601603141632> has count: 23
2025-03-21 23:26:55,222 [INFO] <:LEV:1088622597584990218> has count: 16
2025-03-21 23:26:55,261 [INFO] Game is now closed
2025-03-21 23:26:55,261 [INFO] Game 5
2025-03-21 23:26:55,810 [INFO] <:2G:1324127850718040144> has count: 1
2025-03-21 23:26:56,006 [INFO] <:EG:1088622591192870943> has count: 37
2025-03-21 23:26:56,046 [INFO] Game is now closed
2025-03-21 23:26:56,047 [INFO] Game 6
2025-03-21 23:26:56,511 [INFO] <:AME_SEN:1038562021664370758> has count: 31
2025-03-21 23:26:56,742 [INFO] <:AME_100T:1086908925472952462> has count: 7
2025-03-21 23:26:56,781 [INFO] Game is now closed
2025-03-22 00:27:08,980 [INFO] Message from axon319: +record AMERICAS IL1 1
2025-03-22 00:27:20,643 [INFO] File and list created: {'Command': 'record', 'League': 'AMERICAS', 'Type': 'IL1', 'Day': 1}
2025-03-22 00:27:20,644 [INFO] Game 1
2025-03-22 00:27:21,104 [INFO] <:C9:1088622886165692457> has count: 4
2025-03-22 00:27:21,312 [INFO] <:NRG:1088622605373800589> has count: 33
2025-03-22 00:27:21,383 [INFO] Game is now closed
2025-03-22 00:27:21,384 [INFO] Game 2
2025-03-22 00:27:25,433 [INFO] <:KRU:1088622595504619621> has count: 14
2025-03-22 00:27:25,741 [INFO] <:LOUD:1088622599979946044> has count: 25
2025-03-22 00:27:25,799 [INFO] Game is now closed
2025-03-22 00:27:25,799 [INFO] Game 3
2025-03-22 00:27:26,313 [INFO] <:G2:1191932292059373668> has count: 38
2025-03-22 00:27:26,511 [INFO] <:FURIA:1088622593386487858> has count: 0
2025-03-22 00:27:26,558 [INFO] Game is now closed
2025-03-22 00:27:26,558 [INFO] Game 4
2025-03-22 00:27:27,044 [INFO] <:MIBR:1088622601603141632> has count: 24
2025-03-22 00:27:30,657 [INFO] <:LEV:1088622597584990218> has count: 16
2025-03-22 00:27:30,705 [INFO] Game is now closed
2025-03-22 00:27:30,705 [INFO] Game 5
2025-03-22 00:27:31,218 [INFO] <:2G:1324127850718040144> has count: 1
2025-03-22 00:27:31,426 [INFO] <:EG:1088622591192870943> has count: 38
2025-03-22 00:27:31,471 [INFO] Game is now closed
2025-03-22 00:27:31,472 [INFO] Game 6
2025-03-22 00:27:31,891 [INFO] <:AME_SEN:1038562021664370758> has count: 32
2025-03-22 00:27:32,079 [INFO] <:AME_100T:1086908925472952462> has count: 7
2025-03-22 00:27:32,123 [INFO] Game is now closed
2025-03-22 01:12:21,762 [INFO] Message from tyottoyt: +rank
2025-03-22 01:12:34,923 [INFO] Message from tyottoyt: +rank all
2025-03-22 02:20:32,560 [INFO] Shard ID 0 has successfully RESUMED session 762b6b2271c3fef8020ee40d8dc64b31.
2025-03-22 04:09:25,601 [INFO] Shard ID 0 has successfully RESUMED session 762b6b2271c3fef8020ee40d8dc64b31.
2025-03-22 04:44:40,993 [INFO] Shard ID 0 has successfully RESUMED session 762b6b2271c3fef8020ee40d8dc64b31.
2025-03-22 07:40:44,423 [INFO] Message from axon319: +record PACIFIC IL1 1
2025-03-22 07:40:55,919 [INFO] File and list created: {'Command': 'record', 'League': 'PACIFIC', 'Type': 'IL1', 'Day': 1}
2025-03-22 07:40:55,919 [INFO] Game 1
2025-03-22 07:40:56,439 [INFO] <:DFM:1088622642241740850> has count: 18
2025-03-22 07:40:56,607 [INFO] <:GE:1088622645920137226> has count: 14
2025-03-22 07:40:56,665 [INFO] Game is now closed
2025-03-22 07:40:56,666 [INFO] Game 2
2025-03-22 07:41:00,648 [INFO] <:T1:1088622656175226961> has count: 32
2025-03-22 07:41:00,894 [INFO] <:ZETA:1088622660319187015> has count: 0
2025-03-22 07:41:00,936 [INFO] Game is now closed
2025-03-22 07:41:00,936 [INFO] Game 3
2025-03-22 07:41:01,424 [INFO] <:DRX:1088622644586348704> has count: 27
2025-03-22 07:41:01,611 [INFO] <:PRX:1091440856898224198> has count: 5
2025-03-22 07:41:01,654 [INFO] Game is now closed
2025-03-22 07:41:01,654 [INFO] Game 4
2025-03-22 07:41:02,046 [INFO] <:TALON:1088622659308355584> has count: 28
2025-03-22 07:41:05,880 [INFO] <:SECRET:1088622655097278464> has count: 4
2025-03-22 07:41:05,925 [INFO] Game is now closed
2025-03-22 07:41:05,925 [INFO] Game 5
2025-03-22 07:41:06,438 [INFO] <:GENG:1088622646989705218> has count: 32
2025-03-22 07:41:06,654 [INFO] <:BOOM:1324128510297509948> has count: 0
2025-03-22 07:41:06,694 [INFO] Game is now closed
2025-03-22 07:41:06,694 [INFO] Game 6
2025-03-22 07:41:07,038 [INFO] <:NONGSHIMREDFORCE:1324128511744802836> has count: 17
2025-03-22 07:41:07,302 [INFO] <:RRQ:1088622651636977695> has count: 14
2025-03-22 07:41:07,344 [INFO] Game is now closed
2025-03-22 08:20:20,834 [INFO] Shard ID 0 has successfully RESUMED session 762b6b2271c3fef8020ee40d8dc64b31.
2025-03-22 09:34:49,945 [INFO] Shard ID 0 has successfully RESUMED session 762b6b2271c3fef8020ee40d8dc64b31.
2025-03-22 10:09:57,707 [INFO] Shard ID 0 has successfully RESUMED session 762b6b2271c3fef8020ee40d8dc64b31.
2025-03-22 12:19:17,771 [INFO] Shard ID 0 has successfully RESUMED session 762b6b2271c3fef8020ee40d8dc64b31.
2025-03-22 15:43:52,936 [INFO] Shard ID 0 has successfully RESUMED session 762b6b2271c3fef8020ee40d8dc64b31.
2025-03-22 16:29:26,700 [INFO] Shard ID 0 has successfully RESUMED session 762b6b2271c3fef8020ee40d8dc64b31.
2025-03-22 17:36:07,349 [INFO] Shard ID 0 has successfully RESUMED session 762b6b2271c3fef8020ee40d8dc64b31.
2025-03-22 18:48:04,611 [INFO] Shard ID 0 has successfully RESUMED session 762b6b2271c3fef8020ee40d8dc64b31.
2025-03-22 19:29:04,201 [INFO] Shard ID 0 has successfully RESUMED session 762b6b2271c3fef8020ee40d8dc64b31.
2025-03-22 21:16:43,856 [INFO] Shard ID 0 has successfully RESUMED session 762b6b2271c3fef8020ee40d8dc64b31.
2025-03-22 22:21:46,290 [INFO] Shard ID 0 has successfully RESUMED session 762b6b2271c3fef8020ee40d8dc64b31.
2025-03-23 00:46:21,710 [INFO] Message from kayfourfour: +rank il1
2025-03-23 00:53:32,363 [INFO] Shard ID 0 has successfully RESUMED session 762b6b2271c3fef8020ee40d8dc64b31.
2025-03-23 03:58:05,450 [INFO] Shard ID 0 has successfully RESUMED session 762b6b2271c3fef8020ee40d8dc64b31.
2025-03-23 06:13:37,676 [INFO] Shard ID 0 has successfully RESUMED session 762b6b2271c3fef8020ee40d8dc64b31.
2025-03-23 09:36:45,226 [INFO] Shard ID 0 has successfully RESUMED session 762b6b2271c3fef8020ee40d8dc64b31.
2025-03-23 10:20:37,701 [INFO] Shard ID 0 has successfully RESUMED session 762b6b2271c3fef8020ee40d8dc64b31.
2025-03-23 11:37:43,023 [INFO] Shard ID 0 has successfully RESUMED session 762b6b2271c3fef8020ee40d8dc64b31.
2025-03-23 12:13:22,590 [INFO] Shard ID 0 has successfully RESUMED session 762b6b2271c3fef8020ee40d8dc64b31.
2025-03-23 15:49:01,883 [INFO] Shard ID 0 has successfully RESUMED session 762b6b2271c3fef8020ee40d8dc64b31.
2025-03-23 16:16:11,805 [INFO] Message from kayfourfour: +rank il1
2025-03-23 16:43:24,483 [INFO] Message from urjokingright: +rank il1
2025-03-23 18:27:06,240 [INFO] Shard ID 0 has successfully RESUMED session 762b6b2271c3fef8020ee40d8dc64b31.
2025-03-23 21:44:00,314 [INFO] Shard ID 0 has successfully RESUMED session 762b6b2271c3fef8020ee40d8dc64b31.
2025-03-23 21:53:26,815 [INFO] Shard ID 0 has successfully RESUMED session 762b6b2271c3fef8020ee40d8dc64b31.
2025-03-24 00:52:55,923 [INFO] Shard ID 0 has successfully RESUMED session 762b6b2271c3fef8020ee40d8dc64b31.
2025-03-24 00:56:46,340 [INFO] Message from lyclipz: +rank il1
2025-03-24 00:56:51,395 [INFO] Message from lyclipz: +rank
2025-03-24 00:56:55,563 [INFO] Message from lyclipz: +rank americas
2025-03-24 00:56:59,976 [INFO] Message from lyclipz: +rank emea
2025-03-24 00:57:03,406 [INFO] Message from lyclipz: +rank pacific
2025-03-24 00:57:18,799 [INFO] Message from lyclipz: +rank china
2025-03-24 02:12:25,275 [INFO] Shard ID 0 has successfully RESUMED session 762b6b2271c3fef8020ee40d8dc64b31.
2025-03-24 02:30:33,485 [INFO] Shard ID 0 has successfully RESUMED session 762b6b2271c3fef8020ee40d8dc64b31.
2025-03-24 03:14:59,186 [INFO] Message from axon319: +poll CHINA IL1 3
2025-03-24 03:14:59,195 [INFO] Team 1: JD Gaming, Team 2: Trace Esports, Points: 1
2025-03-24 03:14:59,196 [INFO] Team 1: Wolves Esports, Team 2: XLG Esports, Points: 1
2025-03-24 03:14:59,196 [INFO] Team 1: TYLOO, Team 2: Titan Esports Club, Points: 1
2025-03-24 03:14:59,196 [INFO] Team 1: Dragon Ranger Gaming, Team 2: EDward Gaming, Points: 1
2025-03-24 03:14:59,196 [INFO] Team 1: Nova Esports, Team 2: FunPlus Phoenix, Points: 1
2025-03-24 03:14:59,196 [INFO] Team 1: All Gamers, Team 2: Bilibili Gaming, Points: 1
2025-03-24 03:15:14,838 [INFO] Message from axon319: +poll AMERICAS IL1 2
2025-03-24 03:15:14,841 [INFO] Team 1: NRG, Team 2: Evil Geniuses, Points: 1
2025-03-24 03:15:14,841 [INFO] Team 1: Sentinels, Team 2: KRÜ Esports, Points: 1
2025-03-24 03:15:14,842 [INFO] Team 1: 100 Thieves, Team 2: Evil Geniuses, Points: 1
2025-03-24 03:15:14,842 [INFO] Team 1: G2 Esports, Team 2: MIBR, Points: 1
2025-03-24 03:15:14,842 [INFO] Team 1: LOUD, Team 2: 2GAME Esports, Points: 1
2025-03-24 03:15:14,842 [INFO] Team 1: Leviatán, Team 2: Cloud9, Points: 1
2025-03-24 03:17:10,996 [INFO] Message from tyottoyt: +rank
2025-03-24 03:17:18,559 [INFO] Message from tyottoyt: +rank all
2025-03-24 03:18:28,240 [INFO] Message from axon319: +rank IL1
2025-03-24 03:22:13,205 [INFO] Message from korusumi: +rank IL1
2025-03-24 03:22:18,008 [INFO] Message from axon319: +rank all
2025-03-24 03:22:32,511 [INFO] Message from korusumi: +rank all
2025-03-24 03:39:59,951 [INFO] Message from urjokingright: +rank
2025-03-24 03:40:09,392 [INFO] Message from urjokingright: +rank all
2025-03-24 04:06:34,076 [INFO] Message from joachjua: +rank
2025-03-24 04:13:27,273 [INFO] Message from narranette: +rank
2025-03-24 04:13:40,377 [INFO] Message from narranette: +rank all
2025-03-24 05:58:35,019 [INFO] Shard ID 0 has successfully RESUMED session 762b6b2271c3fef8020ee40d8dc64b31.
2025-03-24 06:08:44,295 [INFO] Shard ID 0 has successfully RESUMED session 762b6b2271c3fef8020ee40d8dc64b31.
2025-03-24 07:27:47,410 [INFO] Shard ID 0 has successfully RESUMED session 762b6b2271c3fef8020ee40d8dc64b31.
2025-03-24 08:30:26,606 [INFO] Shard ID 0 has successfully RESUMED session 762b6b2271c3fef8020ee40d8dc64b31.
2025-03-24 10:00:50,325 [INFO] Shard ID 0 has successfully RESUMED session 762b6b2271c3fef8020ee40d8dc64b31.
2025-03-24 11:09:10,243 [INFO] Shard ID 0 has successfully RESUMED session 762b6b2271c3fef8020ee40d8dc64b31.
2025-03-24 11:48:16,891 [INFO] Shard ID 0 has successfully RESUMED session 762b6b2271c3fef8020ee40d8dc64b31.
2025-03-24 12:17:46,052 [INFO] Shard ID 0 has successfully RESUMED session 762b6b2271c3fef8020ee40d8dc64b31.
2025-03-24 12:26:46,488 [INFO] Shard ID 0 has successfully RESUMED session 762b6b2271c3fef8020ee40d8dc64b31.
2025-03-24 12:32:51,205 [INFO] Shard ID 0 has successfully RESUMED session 762b6b2271c3fef8020ee40d8dc64b31.
2025-03-24 13:15:15,437 [INFO] Shard ID 0 has successfully RESUMED session 762b6b2271c3fef8020ee40d8dc64b31.
2025-03-24 15:37:11,550 [INFO] Shard ID 0 has successfully RESUMED session 762b6b2271c3fef8020ee40d8dc64b31.
2025-03-24 17:21:01,300 [INFO] Message from tyottoyt: +rank
2025-03-24 17:32:45,363 [INFO] Message from narranette: +rank
2025-03-24 17:34:03,074 [INFO] Shard ID 0 has successfully RESUMED session 762b6b2271c3fef8020ee40d8dc64b31.
2025-03-24 18:06:23,692 [INFO] Shard ID 0 has successfully RESUMED session 762b6b2271c3fef8020ee40d8dc64b31.
2025-03-24 20:07:46,600 [INFO] Message from axon319: +poll AMERICAS IL1 2
2025-03-24 20:07:46,604 [INFO] Team 1: NRG, Team 2: FURIA, Points: 1
2025-03-24 20:07:46,604 [INFO] Team 1: Sentinels, Team 2: KRÜ Esports, Points: 1
2025-03-24 20:07:46,605 [INFO] Team 1: 100 Thieves, Team 2: Evil Geniuses, Points: 1
2025-03-24 20:07:46,605 [INFO] Team 1: G2 Esports, Team 2: MIBR, Points: 1
2025-03-24 20:07:46,605 [INFO] Team 1: LOUD, Team 2: 2GAME Esports, Points: 1
2025-03-24 20:07:46,605 [INFO] Team 1: Leviatán, Team 2: Cloud9, Points: 1
2025-03-24 20:08:16,670 [INFO] Message from axon319: +poll PACIFIC IL1 2
2025-03-24 20:08:16,671 [INFO] Team 1: Team Secret, Team 2: ZETA DIVISION, Points: 1
2025-03-24 20:08:16,671 [INFO] Team 1: T1, Team 2: Nongshim RedForce, Points: 1
2025-03-24 20:08:16,671 [INFO] Team 1: Gen.G Esports, Team 2: Paper Rex, Points: 1
2025-03-24 20:08:16,671 [INFO] Team 1: DRX, Team 2: DetonatioN FocusMe, Points: 1
2025-03-24 20:08:16,672 [INFO] Team 1: TALON, Team 2: Rex Regum Qeon, Points: 1
2025-03-24 20:08:16,672 [INFO] Team 1: BOOM Esports, Team 2: Global Esports, Points: 1
2025-03-24 20:22:05,754 [INFO] Message from kayfourfour: +rank il1
2025-03-24 21:23:25,250 [INFO] Message from tilly_7: +rank il1
2025-03-24 21:37:08,414 [INFO] Shard ID 0 has successfully RESUMED session 762b6b2271c3fef8020ee40d8dc64b31.
2025-03-24 22:03:34,753 [INFO] Message from urjokingright: +rank il1
2025-03-25 00:45:24,893 [INFO] Shard ID 0 has successfully RESUMED session 762b6b2271c3fef8020ee40d8dc64b31.
2025-03-25 00:52:04,815 [INFO] Shard ID 0 has successfully RESUMED session 762b6b2271c3fef8020ee40d8dc64b31.
2025-03-25 00:53:14,892 [INFO] Message from willyy871: +rank
2025-03-25 01:36:17,453 [INFO] Shard ID 0 has successfully RESUMED session 762b6b2271c3fef8020ee40d8dc64b31.
2025-03-25 05:17:27,126 [INFO] Shard ID 0 has successfully RESUMED session 762b6b2271c3fef8020ee40d8dc64b31.
2025-03-25 05:33:57,544 [INFO] Shard ID 0 has successfully RESUMED session 762b6b2271c3fef8020ee40d8dc64b31.
2025-03-25 05:34:15,313 [INFO] Shard ID 0 has successfully RESUMED session 762b6b2271c3fef8020ee40d8dc64b31.
2025-03-25 08:43:06,191 [INFO] Shard ID 0 has successfully RESUMED session 762b6b2271c3fef8020ee40d8dc64b31.
2025-03-25 11:01:45,104 [INFO] Shard ID 0 has successfully RESUMED session 762b6b2271c3fef8020ee40d8dc64b31.
2025-03-25 13:17:26,289 [INFO] Shard ID 0 has successfully RESUMED session 762b6b2271c3fef8020ee40d8dc64b31.
2025-03-25 15:23:08,739 [INFO] Shard ID 0 has successfully RESUMED session 762b6b2271c3fef8020ee40d8dc64b31.
2025-03-25 17:17:37,352 [INFO] Shard ID 0 has successfully RESUMED session 762b6b2271c3fef8020ee40d8dc64b31.
2025-03-25 17:43:19,417 [INFO] Shard ID 0 has successfully RESUMED session 762b6b2271c3fef8020ee40d8dc64b31.
2025-03-25 17:51:39,108 [INFO] Shard ID 0 has successfully RESUMED session 762b6b2271c3fef8020ee40d8dc64b31.
2025-03-25 18:11:33,959 [INFO] Shard ID 0 has successfully RESUMED session 762b6b2271c3fef8020ee40d8dc64b31.
2025-03-25 19:12:36,298 [INFO] Shard ID 0 has successfully RESUMED session 762b6b2271c3fef8020ee40d8dc64b31.
2025-03-25 19:20:57,078 [INFO] Shard ID 0 has successfully RESUMED session 762b6b2271c3fef8020ee40d8dc64b31.
2025-03-25 19:59:37,779 [INFO] Shard ID 0 has successfully RESUMED session 762b6b2271c3fef8020ee40d8dc64b31.
2025-03-25 20:08:05,529 [INFO] Shard ID 0 has successfully RESUMED session 762b6b2271c3fef8020ee40d8dc64b31.
2025-03-25 20:28:43,279 [INFO] Shard ID 0 has successfully RESUMED session 762b6b2271c3fef8020ee40d8dc64b31.
2025-03-25 20:55:32,819 [INFO] Shard ID 0 has successfully RESUMED session 762b6b2271c3fef8020ee40d8dc64b31.
2025-03-26 00:23:37,088 [INFO] Shard ID 0 has successfully RESUMED session 762b6b2271c3fef8020ee40d8dc64b31.
2025-03-26 04:17:25,792 [INFO] Shard ID 0 has successfully RESUMED session 762b6b2271c3fef8020ee40d8dc64b31.
2025-03-26 07:56:59,830 [INFO] Shard ID 0 has successfully RESUMED session 762b6b2271c3fef8020ee40d8dc64b31.
2025-03-26 10:06:54,453 [INFO] Shard ID 0 has successfully RESUMED session 762b6b2271c3fef8020ee40d8dc64b31.
2025-03-26 12:28:36,214 [INFO] Shard ID 0 has successfully RESUMED session 762b6b2271c3fef8020ee40d8dc64b31.
2025-03-26 14:58:28,420 [INFO] Shard ID 0 has successfully RESUMED session 762b6b2271c3fef8020ee40d8dc64b31.
2025-03-26 15:23:36,425 [INFO] Shard ID 0 has successfully RESUMED session 762b6b2271c3fef8020ee40d8dc64b31.
2025-03-26 15:58:09,438 [INFO] Message from axon319: +record EMEA IL1 1
2025-03-26 15:58:20,956 [INFO] File and list created: {'Command': 'record', 'League': 'EMEA', 'Type': 'IL1', 'Day': 1}
2025-03-26 15:58:20,957 [INFO] Game 1
2025-03-26 15:58:21,370 [INFO] <:VIT:1088622561245536266> has count: 36
2025-03-26 15:58:21,646 [INFO] <:GIANTX:1191930987190439996> has count: 1
2025-03-26 15:58:21,878 [INFO] Game is now closed
2025-03-26 15:58:21,879 [INFO] Game 2
2025-03-26 15:58:25,745 [INFO] <:BBL:1088622514676170865> has count: 21
2025-03-26 15:58:25,968 [INFO] <:KC:1088622522762797129> has count: 16
2025-03-26 15:58:26,027 [INFO] Game is now closed
2025-03-26 15:58:26,027 [INFO] Game 3
2025-03-26 15:58:26,450 [INFO] <:TH:1088622529322696814> has count: 32
2025-03-26 15:58:26,657 [INFO] <:APEKS:1324127852291162163> has count: 5
2025-03-26 15:58:26,705 [INFO] Game is now closed
2025-03-26 15:58:26,706 [INFO] Game 4
2025-03-26 15:58:27,298 [INFO] <:FUT:1088622519185051718> has count: 35
2025-03-26 15:58:30,966 [INFO] <:KOI:1088622524763480124> has count: 1
2025-03-26 15:58:31,014 [INFO] Game is now closed
2025-03-26 15:58:31,015 [INFO] Game 5
2025-03-26 15:58:31,453 [INFO] <:FNC:1088622517993873408> has count: 33
2025-03-26 15:58:31,638 [INFO] <:NAVI:1088622528039235595> has count: 3
2025-03-26 15:58:31,697 [INFO] Game is now closed
2025-03-26 15:58:31,698 [INFO] Game 6
2025-03-26 15:58:32,230 [INFO] <:LIQUID:1088622526214713445> has count: 22
2025-03-26 15:58:32,498 [INFO] <:GENTLEMATES:1324137464784224317> has count: 15
2025-03-26 15:58:32,550 [INFO] Game is now closed
2025-03-26 16:12:12,034 [INFO] Shard ID 0 has successfully RESUMED session 762b6b2271c3fef8020ee40d8dc64b31.
2025-03-26 16:34:21,990 [INFO] Shard ID 0 has successfully RESUMED session 762b6b2271c3fef8020ee40d8dc64b31.
2025-03-26 17:09:39,768 [INFO] Shard ID 0 has successfully RESUMED session 762b6b2271c3fef8020ee40d8dc64b31.
2025-03-26 17:46:27,869 [INFO] Shard ID 0 has successfully RESUMED session 762b6b2271c3fef8020ee40d8dc64b31.
2025-03-26 18:21:17,089 [INFO] Shard ID 0 has successfully RESUMED session 762b6b2271c3fef8020ee40d8dc64b31.
2025-03-26 18:35:01,007 [INFO] Shard ID 0 has successfully RESUMED session 762b6b2271c3fef8020ee40d8dc64b31.
2025-03-26 19:11:53,572 [INFO] Shard ID 0 has successfully RESUMED session 762b6b2271c3fef8020ee40d8dc64b31.
2025-03-26 20:09:09,576 [INFO] Shard ID 0 has successfully RESUMED session 762b6b2271c3fef8020ee40d8dc64b31.
2025-03-26 20:14:29,505 [INFO] Shard ID 0 has successfully RESUMED session 762b6b2271c3fef8020ee40d8dc64b31.
2025-03-26 20:25:47,407 [INFO] Shard ID 0 has successfully RESUMED session 762b6b2271c3fef8020ee40d8dc64b31.
2025-03-26 21:07:50,619 [INFO] Shard ID 0 has successfully RESUMED session 762b6b2271c3fef8020ee40d8dc64b31.
2025-03-26 21:16:17,600 [INFO] Shard ID 0 has successfully RESUMED session 762b6b2271c3fef8020ee40d8dc64b31.
2025-03-26 21:21:55,227 [INFO] Shard ID 0 has successfully RESUMED session 762b6b2271c3fef8020ee40d8dc64b31.
2025-03-26 21:45:05,791 [INFO] Shard ID 0 has successfully RESUMED session 762b6b2271c3fef8020ee40d8dc64b31.
2025-03-26 21:56:14,203 [INFO] Shard ID 0 has successfully RESUMED session 762b6b2271c3fef8020ee40d8dc64b31.
2025-03-27 00:33:49,802 [INFO] Shard ID 0 has successfully RESUMED session 762b6b2271c3fef8020ee40d8dc64b31.
2025-03-27 01:21:08,031 [INFO] Shard ID 0 has successfully RESUMED session 762b6b2271c3fef8020ee40d8dc64b31.
2025-03-27 02:18:57,788 [INFO] Shard ID 0 has successfully RESUMED session 762b6b2271c3fef8020ee40d8dc64b31.
2025-03-27 06:07:08,619 [INFO] Shard ID 0 has successfully RESUMED session 762b6b2271c3fef8020ee40d8dc64b31.
2025-03-27 06:38:46,355 [INFO] Shard ID 0 has successfully RESUMED session 762b6b2271c3fef8020ee40d8dc64b31.
2025-03-27 08:38:08,294 [INFO] Message from tyottoyt: +rank
2025-03-27 09:04:34,696 [INFO] Shard ID 0 has successfully RESUMED session 762b6b2271c3fef8020ee40d8dc64b31.
2025-03-27 12:00:18,128 [INFO] Shard ID 0 has successfully RESUMED session 762b6b2271c3fef8020ee40d8dc64b31.
2025-03-27 12:35:00,449 [INFO] Shard ID 0 has successfully RESUMED session 762b6b2271c3fef8020ee40d8dc64b31.
2025-03-27 13:03:35,026 [INFO] Shard ID 0 has successfully RESUMED session 762b6b2271c3fef8020ee40d8dc64b31.
2025-03-27 14:32:34,948 [INFO] Shard ID 0 has successfully RESUMED session 762b6b2271c3fef8020ee40d8dc64b31.
2025-03-27 16:50:25,912 [INFO] Message from axon319: +record CHINA IL1 3
2025-03-27 16:50:42,474 [INFO] File and list created: {'Command': 'record', 'League': 'CHINA', 'Type': 'IL1', 'Day': 3}
2025-03-27 16:50:42,475 [INFO] Game 1
2025-03-27 16:50:44,140 [INFO] <:JDG:1191928237408919564> has count: 1
2025-03-27 16:50:44,317 [INFO] <:TRACE:1191928242890883143> has count: 27
2025-03-27 16:50:44,388 [INFO] Game is now closed
2025-03-27 16:50:44,389 [INFO] Game 2
2025-03-27 16:50:47,217 [INFO] <:WOL:1191923125777092608> has count: 20
2025-03-27 16:50:47,377 [INFO] <:XLG:1324128513179123713> has count: 8
2025-03-27 16:50:47,422 [INFO] Game is now closed
2025-03-27 16:50:47,423 [INFO] Game 3
2025-03-27 16:50:48,091 [INFO] <:TYLOO:1191929004966543360> has count: 14
2025-03-27 16:50:48,286 [INFO] <:TITAN:1191928241645170770> has count: 14
2025-03-27 16:50:48,329 [INFO] Game is now closed
2025-03-27 16:50:48,329 [INFO] Game 4
2025-03-27 16:50:48,825 [INFO] <:DRG:1191928235966074890> has count: 0
2025-03-27 16:50:52,399 [INFO] <:EDG:1113552055173394503> has count: 28
2025-03-27 16:50:52,443 [INFO] Game is now closed
2025-03-27 16:50:52,443 [INFO] Game 5
2025-03-27 16:50:52,830 [INFO] <:NOVA:1191928240500121620> has count: 8
2025-03-27 16:50:53,086 [INFO] <:FPX:1191923341729218630> has count: 20
2025-03-27 16:50:53,125 [INFO] Game is now closed
2025-03-27 16:50:53,125 [INFO] Game 6
2025-03-27 16:50:53,604 [INFO] <:ALLGAMERS:1191928232799387679> has count: 0
2025-03-27 16:50:53,825 [INFO] <:BLG:1134892105987276880> has count: 27
2025-03-27 16:50:53,864 [INFO] Game is now closed
2025-03-27 17:04:22,917 [INFO] Shard ID 0 has successfully RESUMED session 762b6b2271c3fef8020ee40d8dc64b31.
2025-03-27 17:13:42,078 [INFO] Shard ID 0 has successfully RESUMED session 762b6b2271c3fef8020ee40d8dc64b31.
2025-03-27 20:24:11,545 [INFO] Shard ID 0 has successfully RESUMED session 762b6b2271c3fef8020ee40d8dc64b31.
2025-03-27 21:05:57,991 [INFO] Shard ID 0 has successfully RESUMED session 762b6b2271c3fef8020ee40d8dc64b31.
2025-03-27 21:08:31,175 [INFO] Shard ID 0 has successfully RESUMED session 762b6b2271c3fef8020ee40d8dc64b31.
2025-03-27 22:29:58,892 [INFO] Shard ID 0 has successfully RESUMED session 762b6b2271c3fef8020ee40d8dc64b31.
2025-03-27 23:08:57,557 [INFO] Shard ID 0 has successfully RESUMED session 762b6b2271c3fef8020ee40d8dc64b31.
2025-03-28 01:11:23,242 [INFO] Shard ID 0 has successfully RESUMED session 762b6b2271c3fef8020ee40d8dc64b31.
2025-03-28 02:03:16,449 [INFO] Shard ID 0 has successfully RESUMED session 762b6b2271c3fef8020ee40d8dc64b31.
2025-03-28 04:04:47,123 [INFO] Shard ID 0 has successfully RESUMED session 762b6b2271c3fef8020ee40d8dc64b31.
2025-03-28 04:32:14,940 [INFO] Message from narranette: +rank
2025-03-28 04:32:27,589 [INFO] Message from narranette: +rank all
2025-03-28 05:39:25,819 [INFO] Shard ID 0 has successfully RESUMED session 762b6b2271c3fef8020ee40d8dc64b31.
2025-03-28 06:25:01,564 [INFO] Shard ID 0 has successfully RESUMED session 762b6b2271c3fef8020ee40d8dc64b31.
2025-03-28 07:02:18,414 [INFO] Shard ID 0 has successfully RESUMED session 762b6b2271c3fef8020ee40d8dc64b31.
2025-03-28 09:58:06,322 [INFO] Shard ID 0 has successfully RESUMED session 762b6b2271c3fef8020ee40d8dc64b31.
2025-03-28 12:36:00,025 [INFO] Shard ID 0 has successfully RESUMED session 762b6b2271c3fef8020ee40d8dc64b31.
2025-03-28 13:30:39,919 [INFO] Message from urjokingright: +rank il1
2025-03-28 13:30:49,041 [INFO] Message from urjokingright: +rank all
2025-03-28 15:07:39,021 [INFO] Shard ID 0 has successfully RESUMED session 762b6b2271c3fef8020ee40d8dc64b31.
2025-03-28 17:26:52,659 [INFO] Shard ID 0 has successfully RESUMED session 762b6b2271c3fef8020ee40d8dc64b31.
2025-03-28 18:07:13,423 [INFO] Shard ID 0 has successfully RESUMED session 762b6b2271c3fef8020ee40d8dc64b31.
2025-03-28 19:09:27,617 [INFO] Message from joachjua: +rank China
2025-03-28 19:09:37,183 [INFO] Message from joachjua: +rank all
2025-03-28 19:09:45,710 [INFO] Message from joachjua: +rank
2025-03-28 20:14:52,980 [INFO] Message from axon319: +leaderboard AMERICAS IL1
2025-03-28 21:08:26,190 [INFO] Shard ID 0 has successfully RESUMED session 762b6b2271c3fef8020ee40d8dc64b31.
2025-03-28 21:10:21,113 [INFO] Message from p_ine: +rank all
2025-03-28 21:10:21,924 [INFO] Message from axon319: +record AMERICAS IL1 2
2025-03-28 21:10:33,345 [INFO] File and list created: {'Command': 'record', 'League': 'AMERICAS', 'Type': 'IL1', 'Day': 2}
2025-03-28 21:10:33,345 [INFO] Game 1
2025-03-28 21:10:33,847 [INFO] <:NRG:1088622605373800589> has count: 30
2025-03-28 21:10:34,130 [INFO] <:FURIA:1088622593386487858> has count: 2
2025-03-28 21:10:34,196 [INFO] Game is now closed
2025-03-28 21:10:34,197 [INFO] Game 2
2025-03-28 21:10:38,138 [INFO] <:AME_SEN:1038562021664370758> has count: 29
2025-03-28 21:10:38,338 [INFO] <:KRU:1088622595504619621> has count: 3
2025-03-28 21:10:38,383 [INFO] Game is now closed
2025-03-28 21:10:38,383 [INFO] Game 3
2025-03-28 21:10:38,979 [INFO] <:AME_100T:1086908925472952462> has count: 24
2025-03-28 21:10:39,258 [INFO] <:EG:1088622591192870943> has count: 7
2025-03-28 21:10:39,294 [INFO] Game is now closed
2025-03-28 21:10:39,294 [INFO] Game 4
2025-03-28 21:10:39,815 [INFO] <:G2:1191932292059373668> has count: 30
2025-03-28 21:10:43,395 [INFO] <:MIBR:1088622601603141632> has count: 1
2025-03-28 21:10:43,454 [INFO] Game is now closed
2025-03-28 21:10:43,455 [INFO] Game 5
2025-03-28 21:10:43,917 [INFO] <:LOUD:1088622599979946044> has count: 31
2025-03-28 21:10:44,090 [INFO] <:2G:1324127850718040144> has count: 0
2025-03-28 21:10:44,138 [INFO] Game is now closed
2025-03-28 21:10:44,138 [INFO] Game 6
2025-03-28 21:10:44,496 [INFO] <:LEV:1088622597584990218> has count: 9
2025-03-28 21:10:44,743 [INFO] <:C9:1088622886165692457> has count: 22
2025-03-28 21:10:44,785 [INFO] Game is now closed
2025-03-28 21:11:12,207 [INFO] Message from axon319: +poll EMEA IL1 2
2025-03-28 21:11:12,212 [INFO] Team 1: Team Liquid, Team 2: BBL Esports, Points: 1
2025-03-28 21:11:12,212 [INFO] Team 1: Apeks, Team 2: Natus Vincere, Points: 1
2025-03-28 21:11:12,213 [INFO] Team 1: FUT Esports, Team 2: Gentle Mates, Points: 1
2025-03-28 21:11:12,213 [INFO] Team 1: Team Heretics, Team 2: GIANTX, Points: 1
2025-03-28 21:11:12,213 [INFO] Team 1: Team Vitality, Team 2: Fnatic, Points: 1
2025-03-28 21:11:12,213 [INFO] Team 1: KOI, Team 2: Karmine Corp, Points: 1
2025-03-28 21:11:48,315 [INFO] Message from tilly_7: +rank
2025-03-28 21:11:56,134 [INFO] Message from axon319: +rank EMEA IL1
2025-03-28 21:11:56,416 [INFO] Message from tilly_7: +rank all
2025-03-28 21:25:30,482 [INFO] Shard ID 0 has successfully RESUMED session 762b6b2271c3fef8020ee40d8dc64b31.
2025-03-28 21:27:37,782 [INFO] Message from youth_inthe_shade: +rank EMEA
